Spend Date,Channel,Campaign Name,Raw Spend,Net Spend
2026-06-02,Meta Ads,IG - Catalog Sales,91.8,85.48
2026-05-30,Meta Ads,FB - Lookalike,120.16,116.46
2026-06-11,Google Ads,Search - Non Brand,134.21,127.11
2026-05-21,Meta Ads,FB - Prospecting,90.55,82.07
2026-06-30,Google Ads,Shopping - Bestsellers,148.7,138.97
2026-06-03,Meta Ads,IG - Retargeting,88.94,82.96
2026-05-25,Meta Ads,IG - Retargeting,115.59,105.25
2026-05-17,Meta Ads,FB - Prospecting,96.82,92.18
2026-07-21,Google Ads,Display - Retargeting,194.51,186.59
2026-06-11,Google Ads,Display - Retargeting,137.77,134.12
2026-07-02,Meta Ads,IG - Catalog Sales,130.03,123.47
2026-06-02,Meta Ads,FB - Prospecting,57.98,55.49
2026-05-29,Meta Ads,FB - Lookalike,80.39,79.1
2026-07-02,Google Ads,Search - Non Brand,173.73,164.75
2026-05-19,Meta Ads,IG - Retargeting,100.4,96.82
2026-05-21,Meta Ads,FB - Prospecting,90.55,82.07
2026-05-11,Meta Ads,IG - Retargeting,83.07,78.91
2026-06-12,Google Ads,Shopping - Bestsellers,94.55,86.28
2026-07-06,Google Ads,Search - Brand,159.35,157.23
2026-07-19,Google Ads,Display - Retargeting,148.6,146.27
2026-06-14,Meta Ads,IG - Retargeting,86.24,82.36
2026-06-24,Meta Ads,FB - Prospecting,90.72,86.27
2026-06-28,Google Ads,Display - Retargeting,116.45,108.11
2026-07-28,Meta Ads,FB - Lookalike,137.07,126.75
2026-06-13,Google Ads,Search - Non Brand,132.09,129.3
2026-06-20,Meta Ads,IG - Catalog Sales,82.47,80.85
2026-07-26,Meta Ads,IG - Retargeting,136.3,133.52
2026-07-28,Meta Ads,FB - Prospecting,95.89,90.0
2026-07-06,Meta Ads,IG - Retargeting,125.82,121.26
2026-05-05,Meta Ads,IG - Retargeting,110.72,105.86
2026-05-03,Meta Ads,IG - Catalog Sales,125.91,122.1
2026-06-25,Google Ads,Search - Non Brand,154.58,147.43
2026-07-24,Meta Ads,FB - Lookalike,97.38,91.9
2026-05-21,Meta Ads,IG - Catalog Sales,108.44,103.21
2026-07-12,Meta Ads,IG - Catalog Sales,147.74,145.41
2026-07-22,Meta Ads,IG - Catalog Sales,120.47,112.4
2026-05-27,Google Ads,Search - Non Brand,144.0,135.98
2026-05-31,Meta Ads,FB - Lookalike,166.53,157.67
2026-07-10,Meta Ads,FB - Lookalike,106.43,101.53
2026-07-28,Google Ads,Search - Non Brand,144.49,137.15
2026-05-10,Google Ads,Search - Brand,192.86,177.7
2026-05-17,Meta Ads,IG - Catalog Sales,63.98,60.98
2026-06-28,Meta Ads,IG - Catalog Sales,146.69,132.34
2026-05-14,Google Ads,Search - Non Brand,162.79,155.76
2026-06-25,Meta Ads,FB - Prospecting,118.95,114.42
2026-07-16,Meta Ads,FB - Prospecting,134.82,123.52
2026-05-26,Google Ads,Search - Brand,159.19,144.31
2026-06-13,Google Ads,Shopping - Bestsellers,188.91,171.9
2026-07-09,Meta Ads,FB - Prospecting,139.28,127.0
2026-07-26,Google Ads,Display - Retargeting,201.16,192.51
2026-05-09,Meta Ads,IG - Catalog Sales,129.05,121.83
2026-05-14,Meta Ads,IG - Retargeting,94.29,85.07
2026-06-15,Google Ads,Shopping - Bestsellers,209.74,206.4
2026-07-04,Google Ads,Display - Retargeting,191.58,187.38
2026-05-16,Google Ads,Search - Non Brand,155.76,154.06
2026-06-08,Meta Ads,FB - Prospecting,100.12,93.02
2026-06-01,Google Ads,Search - Non Brand,215.83,202.08
2026-05-27,Google Ads,Shopping - Bestsellers,149.31,135.14
2026-05-23,Google Ads,Display - Retargeting,128.99,125.46
2026-05-19,Google Ads,Search - Brand,120.28,108.53
2026-05-05,Meta Ads,IG - Retargeting,110.72,105.86
2026-07-14,Google Ads,Search - Brand,125.57,122.87
2026-07-22,Meta Ads,IG - Retargeting,161.27,146.89
2026-06-08,Meta Ads,IG - Catalog Sales,121.44,115.97
2026-06-22,google_ads,Display - Retargeting,85.87,79.28
2026-06-10,Google Ads,Search - Non Brand,142.39,140.52
2026-07-06,Meta Ads,IG - Catalog Sales,99.0,94.63
2026-05-30,Google Ads,Search - Brand,194.23,192.07
2026-07-12,Meta Ads,FB - Prospecting,102.86,94.12
2026-06-01,Meta Ads,FB - Prospecting,151.75,141.93
2026-07-26,Meta Ads,IG - Catalog Sales,100.11,93.8
2026-07-07,Meta Ads,IG - Retargeting,54.04,52.5
2026-07-29,Meta Ads,FB - Prospecting,127.01,124.37
2026-07-23,Google Ads,Search - Non Brand,118.24,111.19
2026-06-20,meta_ads,FB - Lookalike,129.78,121.72
2026-06-06,Meta Ads,FB - Prospecting,88.88,82.26
2026-06-07,Meta Ads,IG - Retargeting,95.07,93.97
2026-06-27,Google Ads,Search - Brand,166.11,152.2
2026-05-25,Google Ads,Shopping - Bestsellers,149.54,135.36
2026-05-05,Google Ads,Search - Non Brand,172.94,168.34
2026-06-21,Google Ads,Display - Retargeting,172.73,161.82
2026-06-06,Google Ads,Search - Brand,213.27,207.09
2026-05-09,Google Ads,Shopping - Bestsellers,78.05,72.25
2026-05-20,Google Ads,Search - Brand,229.58,215.29
2026-07-04,Meta Ads,FB - Prospecting,144.61,139.23
2026-05-01,Google Ads,Display - Retargeting,141.22,138.11
2026-06-30,Meta Ads,FB - Lookalike,86.32,85.39
2026-07-19,Google Ads,Shopping - Bestsellers,147.31,139.62
2026-06-19,Meta Ads,IG - Retargeting,86.13,78.32
2026-05-17,Meta Ads,IG - Retargeting,112.9,101.98
2026-05-07,Meta Ads,FB - Prospecting,147.46,143.38
2026-06-16,Google Ads,Shopping - Bestsellers,112.05,106.26
2026-07-21,Meta Ads,IG - Catalog Sales,129.86,126.02
2026-07-10,Google Ads,Shopping - Bestsellers,154.8,143.07
2026-05-15,Meta Ads,FB - Lookalike,126.42,124.43
2026-07-18,Google Ads,Display - Retargeting,133.95,129.08
2026-07-11,Google Ads,Search - Non Brand,165.95,149.95
2026-06-23,Meta Ads,IG - Retargeting,149.48,143.48
2026-05-18,Meta Ads,FB - Lookalike,59.25,57.57
2026-07-11,Google Ads,Search - Brand,179.47,174.12
2026-06-07,Google Ads,Search - Non Brand,171.11,156.35
2026-06-28,Google Ads,Search - Non Brand,138.41,133.24
2026-06-15,Google Ads,Search - Non Brand,167.68,160.07
2026-05-06,Meta Ads,IG - Retargeting,166.94,156.67
2026-06-06,Meta Ads,IG - Catalog Sales,177.28,175.29
2026-05-31,Google Ads,Shopping - Bestsellers,154.51,142.24
2026-06-15,Google Ads,Search - Brand,120.36,114.57
2026-05-06,Google Ads,Shopping - Bestsellers,163.56,158.4
2026-05-12,Google Ads,Shopping - Bestsellers,169.57,166.15
2026-07-13,Google Ads,Search - Non Brand,125.74,123.02
2026-07-23,Meta Ads,IG - Retargeting,150.29,141.53
2026-07-06,Meta Ads,FB - Prospecting,106.61,98.84
2026-06-05,Meta Ads,IG - Retargeting,77.33,71.84
2026-05-04,Meta Ads,FB - Prospecting,106.18,98.25
2026-06-13,Meta Ads,FB - Prospecting,111.9,108.74
2026-06-30,meta_ads,FB - Prospecting,149.53,147.29
2026-06-21,Google Ads,Search - Brand,130.4,120.4
2026-07-17,Meta Ads,IG - Catalog Sales,134.31,121.77
2026-06-25,Meta Ads,IG - Retargeting,173.12,162.58
2026-05-05,Google Ads,Display - Retargeting,184.92,167.66
2026-05-16,Meta Ads,FB - Prospecting,152.49,142.17
2026-06-11,Meta Ads,FB - Prospecting,58.86,55.42
2026-05-23,Google Ads,Search - Non Brand,161.52,157.05
2026-06-21,Meta Ads,IG - Catalog Sales,131.97,124.56
2026-06-25,Google Ads,Search - Brand,128.41,121.31
2026-05-01,Meta Ads,IG - Catalog Sales,136.28,124.9
2026-07-18,Google Ads,Search - Brand,152.88,142.23
2026-06-16,Google Ads,Search - Brand,144.07,140.07
2026-05-06,Google Ads,Search - Brand,180.47,176.83
2026-06-18,Google Ads,Shopping - Bestsellers,148.77,141.46
2026-05-16,Google Ads,Shopping - Bestsellers,152.18,148.98
2026-05-13,Meta Ads,FB - Prospecting,148.9,142.82
2026-06-06,Google Ads,Shopping - Bestsellers,152.9,145.69
2026-07-23,Google Ads,Shopping - Bestsellers,126.04,116.01
2026-06-09,Google Ads,Shopping - Bestsellers,125.56,116.81
2026-06-08,Google Ads,Search - Brand,128.37,117.51
2026-05-16,Meta Ads,IG - Retargeting,0.0,0.0
2026-06-26,Google Ads,Shopping - Bestsellers,147.21,134.94
2026-07-10,Meta Ads,IG - Catalog Sales,47.28,43.79
2026-07-01,Google Ads,Search - Non Brand,168.47,159.4
2026-06-23,Google Ads,Search - Non Brand,113.31,107.63
2026-06-30,Google Ads,Search - Non Brand,121.21,109.28
2026-05-03,Meta Ads,IG - Retargeting,83.37,78.94
2026-06-01,Meta Ads,IG - Catalog Sales,141.53,137.36
2026-06-13,Google Ads,Search - Brand,152.68,147.89
2026-05-07,Google Ads,Search - Non Brand,163.39,158.16
2026-06-14,Meta Ads,FB - Prospecting,128.4,121.41
2026-05-31,Meta Ads,FB - Prospecting,73.98,67.34
2026-07-15,Google Ads,Search - Non Brand,87.43,84.41
2026-05-30,Google Ads,Shopping - Bestsellers,85.76,84.67
2026-06-27,Google Ads,Shopping - Bestsellers,109.46,107.62
2026-06-16,Google Ads,Display - Retargeting,87.94,86.43
2026-07-20,Meta Ads,IG - Retargeting,177.42,162.51
2026-06-24,Google Ads,Shopping - Bestsellers,127.07,117.66
2026-06-05,Meta Ads,FB - Prospecting,97.31,87.75
2026-07-24,google_ads,Search - Brand,97.89,93.21
2026-06-26,Meta Ads,FB - Lookalike,145.02,133.78
2026-07-16,Meta Ads,IG - Retargeting,127.82,117.77
2026-07-20,Meta Ads,FB - Prospecting,101.29,99.08
2026-07-09,Meta Ads,FB - Lookalike,125.9,122.34
2026-07-12,Meta Ads,IG - Retargeting,137.18,124.75
2026-07-04,Google Ads,Search - Brand,175.57,162.23
2026-05-19,Meta Ads,FB - Lookalike,82.17,81.01
2026-07-14,Google Ads,Search - Non Brand,131.85,121.27
2026-05-17,Google Ads,Shopping - Bestsellers,185.78,182.08
2026-05-26,Meta Ads,IG - Retargeting,77.78,76.63
2026-06-07,Meta Ads,FB - Lookalike,112.83,111.39
2026-06-13,Meta Ads,IG - Retargeting,90.64,82.8
2026-06-18,Meta Ads,FB - Prospecting,112.35,106.42
2026-07-03,Google Ads,Search - Brand,143.36,133.83
2026-06-18,Google Ads,Search - Non Brand,144.59,132.61
2026-05-07,Meta Ads,IG - Retargeting,129.86,119.05
2026-06-09,Google Ads,Search - Brand,173.95,158.97
2026-05-18,Google Ads,Display - Retargeting,175.48,159.28
2026-05-27,meta_ads,FB - Lookalike,116.74,108.07
2026-07-20,Meta Ads,IG - Retargeting,177.42,162.51
2026-06-19,Google Ads,Shopping - Bestsellers,185.09,167.03
2026-07-03,Google Ads,Shopping - Bestsellers,148.76,134.97
2026-07-02,Meta Ads,IG - Retargeting,108.37,106.85
2026-07-12,Google Ads,Search - Non Brand,124.43,112.87
2026-06-12,Meta Ads,IG - Catalog Sales,94.5,91.38
2026-05-20,Meta Ads,FB - Prospecting,133.31,125.67
2026-06-26,Google Ads,Search - Non Brand,91.12,82.76
2026-07-18,Meta Ads,IG - Retargeting,109.52,105.83
2026-06-22,Google Ads,Shopping - Bestsellers,161.54,154.6
2026-06-28,Google Ads,Search - Brand,133.71,121.27
2026-06-04,Meta Ads,IG - Retargeting,102.73,96.94
2026-07-08,Google Ads,Search - Brand,101.99,100.52
2026-05-07,Google Ads,Shopping - Bestsellers,119.68,117.73
2026-06-25,Google Ads,Shopping - Bestsellers,193.1,175.64
2026-07-10,Meta Ads,FB - Prospecting,106.61,96.06
2026-05-08,Meta Ads,FB - Lookalike,115.16,109.02
2026-07-17,Google Ads,Shopping - Bestsellers,136.41,134.67
2026-07-13,Meta Ads,IG - Catalog Sales,125.94,114.03
2026-06-30,Google Ads,Search - Brand,112.34,101.53
2026-07-27,Google Ads,Search - Brand,103.36,100.28
2026-06-23,Google Ads,Display - Retargeting,167.72,151.11
2026-07-13,Google Ads,Display - Retargeting,173.82,169.18
2026-07-28,Meta Ads,IG - Catalog Sales,168.85,153.17
2026-06-15,Meta Ads,IG - Retargeting,116.23,113.38
2026-06-22,Meta Ads,IG - Catalog Sales,96.65,94.94
2026-06-05,Meta Ads,IG - Catalog Sales,87.55,85.81
2026-06-11,Meta Ads,IG - Retargeting,89.76,83.22
2026-07-05,Meta Ads,FB - Lookalike,139.36,135.21
2026-07-07,Meta Ads,FB - Prospecting,76.56,70.03
2026-07-15,Google Ads,Shopping - Bestsellers,131.88,122.8
2026-07-12,Google Ads,Search - Brand,140.73,127.08
2026-07-18,Meta Ads,IG - Catalog Sales,182.3,177.29
2026-05-25,Meta Ads,FB - Lookalike,132.39,126.52
2026-07-01,Meta Ads,IG - Catalog Sales,102.88,94.02
2026-05-09,Meta Ads,FB - Prospecting,121.81,110.19
2026-07-11,Meta Ads,IG - Catalog Sales,120.81,114.36
2026-07-14,Google Ads,Display - Retargeting,128.49,121.4
2026-06-25,Meta Ads,IG - Catalog Sales,103.13,99.26
2026-05-16,Meta Ads,IG - Catalog Sales,135.41,133.0
2026-06-14,Meta Ads,IG - Catalog Sales,141.77,139.36
2026-07-19,meta_ads,IG - Retargeting,117.58,111.19
2026-05-20,Google Ads,Shopping - Bestsellers,197.51,178.01
2026-05-24,Meta Ads,FB - Prospecting,129.72,127.85
2026-05-18,Meta Ads,IG - Retargeting,100.45,96.17
2026-05-23,Meta Ads,FB - Prospecting,119.37,111.43
2026-06-14,Meta Ads,FB - Lookalike,123.28,118.68
2026-05-21,Meta Ads,FB - Lookalike,122.09,120.21
2026-07-19,Meta Ads,FB - Lookalike,147.49,138.78
2026-07-29,Google Ads,Shopping - Bestsellers,151.28,137.07
2026-06-04,Google Ads,Display - Retargeting,141.71,137.08
2026-07-03,Meta Ads,FB - Prospecting,104.47,102.03
2026-05-14,Meta Ads,FB - Prospecting,138.77,128.4
2026-06-05,Google Ads,Search - Non Brand,161.67,153.25
2026-07-14,Meta Ads,IG - Retargeting,133.09,131.72
2026-06-30,Meta Ads,IG - Catalog Sales,131.47,121.06
2026-05-25,Google Ads,Display - Retargeting,116.35,110.47
2026-06-10,Meta Ads,IG - Catalog Sales,107.64,98.46
2026-07-22,Google Ads,Search - Non Brand,167.01,156.38
2026-07-01,Google Ads,Display - Retargeting,130.09,119.26
2026-05-29,Google Ads,Shopping - Bestsellers,162.82,151.07
2026-07-17,Meta Ads,FB - Prospecting,81.16,78.69
2026-05-07,Google Ads,Display - Retargeting,131.18,127.6
2026-07-25,Meta Ads,FB - Lookalike,123.16,118.7
2026-05-10,Meta Ads,FB - Prospecting,90.28,81.58
2026-05-28,Meta Ads,IG - Retargeting,96.98,95.15
2026-05-29,Google Ads,Search - Brand,70.35,67.01
2026-07-04,meta_ads,IG - Retargeting,135.22,129.98
2026-07-07,Google Ads,Display - Retargeting,147.53,138.7
2026-07-15,Google Ads,Search - Brand,140.35,137.28
2026-07-27,Meta Ads,IG - Catalog Sales,132.41,120.31
2026-07-16,Meta Ads,IG - Catalog Sales,155.18,151.82
2026-06-26,Meta Ads,IG - Retargeting,138.32,132.69
2026-06-30,Meta Ads,IG - Retargeting,113.58,107.0
2026-05-02,Meta Ads,FB - Prospecting,163.97,150.52
2026-06-10,Meta Ads,FB - Prospecting,122.6,116.68
2026-05-01,Meta Ads,FB - Prospecting,167.38,150.95
2026-06-24,Google Ads,Display - Retargeting,97.25,90.64
2026-06-19,Meta Ads,FB - Lookalike,104.26,99.96
2026-05-15,Google Ads,Search - Brand,141.62,127.66
2026-06-15,Meta Ads,IG - Catalog Sales,152.83,143.04
2026-06-01,Google Ads,Shopping - Bestsellers,174.2,167.82
2026-07-02,Google Ads,Shopping - Bestsellers,208.03,188.94
2026-06-27,Meta Ads,FB - Prospecting,118.81,116.15
2026-07-15,Google Ads,Display - Retargeting,209.02,195.1
2026-05-08,Google Ads,Search - Brand,123.67,113.84
2026-06-13,Meta Ads,IG - Catalog Sales,92.34,88.43
2026-07-14,Meta Ads,FB - Lookalike,121.14,111.2
2026-05-05,Google Ads,Shopping - Bestsellers,188.66,182.89
2026-05-17,Google Ads,Search - Non Brand,294.48,282.26
2026-05-22,Google Ads,Display - Retargeting,0.0,0.0
2026-07-20,Google Ads,Display - Retargeting,111.0,106.63
2026-05-24,Google Ads,Display - Retargeting,150.79,147.86
2026-06-23,Meta Ads,FB - Prospecting,127.68,121.81
2026-05-11,Meta Ads,FB - Lookalike,71.78,65.2
2026-06-27,Google Ads,Search - Brand,166.11,152.2
2026-06-22,Meta Ads,FB - Lookalike,103.81,93.6
2026-07-12,Google Ads,Display - Retargeting,139.46,134.17
2026-05-15,Meta Ads,FB - Prospecting,94.6,92.39
2026-07-29,Meta Ads,IG - Retargeting,73.32,70.28
2026-05-24,Meta Ads,FB - Lookalike,95.45,88.42
2026-05-15,Meta Ads,IG - Retargeting,74.55,69.22
2026-06-05,Google Ads,Display - Retargeting,114.17,105.24
2026-07-03,Meta Ads,IG - Catalog Sales,104.07,96.92
2026-05-08,Google Ads,Search - Non Brand,137.71,129.23
2026-06-26,Meta Ads,FB - Prospecting,131.41,127.81
2026-06-07,Google Ads,Shopping - Bestsellers,125.6,115.15
2026-06-15,Google Ads,Display - Retargeting,130.83,128.65
2026-07-29,Meta Ads,FB - Lookalike,60.19,55.97
2026-06-23,Google Ads,Shopping - Bestsellers,188.59,173.23
2026-06-17,Meta Ads,IG - Retargeting,86.8,85.91
2026-07-14,Google Ads,Shopping - Bestsellers,169.61,162.7
2026-05-16,Meta Ads,FB - Lookalike,135.45,132.48
2026-07-01,Meta Ads,FB - Prospecting,100.88,91.32
2026-06-02,Google Ads,Shopping - Bestsellers,86.12,81.07
2026-05-14,Google Ads,Display - Retargeting,204.51,193.12
2026-07-11,Google Ads,Search - Non Brand,165.95,149.95
2026-06-11,Google Ads,Search - Brand,164.79,158.18
2026-07-08,Meta Ads,FB - Prospecting,74.23,73.38
2026-07-01,Google Ads,Search - Brand,156.24,149.16
2026-06-19,Google Ads,Search - Brand,97.22,93.13
2026-06-09,Meta Ads,IG - Catalog Sales,163.25,152.98
2026-07-04,Meta Ads,FB - Lookalike,161.46,147.62
2026-07-27,Google Ads,Display - Retargeting,196.79,178.8
2026-05-06,Meta Ads,IG - Catalog Sales,111.03,105.01
2026-05-20,Meta Ads,FB - Lookalike,22.76,20.84
2026-07-21,Google Ads,Shopping - Bestsellers,191.46,176.03
2026-07-21,Meta Ads,FB - Prospecting,169.0,153.72
2026-05-30,Meta Ads,FB - Prospecting,116.56,109.26
2026-07-12,Google Ads,Shopping - Bestsellers,112.44,106.94
2026-07-19,Google Ads,Search - Brand,188.64,173.27
2026-05-28,Meta Ads,FB - Prospecting,184.6,175.85
2026-06-14,Google Ads,Display - Retargeting,206.1,203.06
2026-07-12,Meta Ads,FB - Lookalike,161.98,146.24
2026-05-25,Meta Ads,FB - Prospecting,149.25,139.04
2026-05-12,Google Ads,Display - Retargeting,161.14,156.34
2026-05-21,Google Ads,Display - Retargeting,96.16,93.96
2026-07-03,meta_ads,IG - Retargeting,126.71,119.69
2026-06-09,Meta Ads,FB - Lookalike,135.89,128.07
2026-05-07,Meta Ads,FB - Lookalike,122.91,119.55
2026-06-29,Meta Ads,FB - Lookalike,107.39,100.08
2026-07-06,Google Ads,Search - Non Brand,209.15,194.67
2026-05-03,Google Ads,Search - Brand,127.48,122.58
2026-06-30,Google Ads,Display - Retargeting,158.78,152.61
2026-05-20,Meta Ads,IG - Retargeting,143.24,130.18
2026-06-18,Google Ads,Search - Brand,157.43,144.59
2026-05-06,Google Ads,Display - Retargeting,125.81,119.58
2026-06-29,Google Ads,Search - Brand,153.09,150.72
2026-06-25,Meta Ads,FB - Lookalike,141.23,137.27
2026-07-05,Meta Ads,IG - Retargeting,121.39,112.09
2026-06-18,Meta Ads,FB - Lookalike,157.38,143.84
2026-06-07,Google Ads,Display - Retargeting,131.73,121.94
2026-06-08,Google Ads,Display - Retargeting,178.18,164.85
2026-07-17,Meta Ads,IG - Retargeting,154.82,141.16
2026-05-19,Google Ads,Shopping - Bestsellers,168.94,158.26
2026-07-24,Meta Ads,IG - Catalog Sales,111.58,103.0
2026-05-25,Meta Ads,IG - Catalog Sales,103.09,93.72
2026-07-14,Meta Ads,FB - Prospecting,171.83,158.18
2026-07-23,Meta Ads,FB - Lookalike,149.45,141.49
2026-06-06,Google Ads,Display - Retargeting,117.7,113.83
2026-06-29,Google Ads,Search - Non Brand,189.96,184.62
2026-06-28,Meta Ads,FB - Lookalike,128.01,117.89
2026-07-23,Meta Ads,FB - Prospecting,169.26,161.77
2026-07-16,Google Ads,Search - Brand,174.46,171.34
2026-05-13,Google Ads,Display - Retargeting,179.52,173.63
2026-06-29,Google Ads,Display - Retargeting,202.85,194.02
2026-06-12,Meta Ads,FB - Prospecting,138.98,136.26
2026-07-11,Meta Ads,FB - Lookalike,113.37,105.36
2026-06-08,Google Ads,Search - Non Brand,178.33,171.23
2026-06-13,Meta Ads,FB - Lookalike,142.71,137.69
2026-07-23,Google Ads,Search - Brand,209.79,196.15
2026-07-16,Google Ads,Search - Non Brand,90.89,83.52
2026-06-04,Meta Ads,IG - Catalog Sales,161.01,155.74
2026-07-25,Google Ads,Display - Retargeting,91.11,84.23
2026-06-10,Google Ads,Display - Retargeting,127.35,116.69
2026-05-18,Meta Ads,FB - Prospecting,121.37,115.14
2026-06-10,Meta Ads,IG - Retargeting,115.33,112.53
2026-05-17,Google Ads,Search - Brand,169.31,164.54
2026-07-17,Google Ads,Search - Non Brand,43.18,41.17
2026-07-19,Google Ads,Search - Non Brand,158.95,144.66
2026-06-23,Google Ads,Search - Brand,157.34,145.49
2026-07-21,Meta Ads,FB - Lookalike,118.08,115.53
2026-07-09,Meta Ads,IG - Catalog Sales,141.27,133.27
2026-07-02,google_ads,Search - Brand,129.29,118.97
2026-05-26,Google Ads,Shopping - Bestsellers,132.34,120.12
2026-06-16,Meta Ads,FB - Prospecting,81.3,78.57
2026-05-24,Meta Ads,IG - Retargeting,116.1,110.48
2026-07-13,Meta Ads,FB - Lookalike,172.08,156.14
2026-07-18,Meta Ads,FB - Lookalike,110.35,107.7
2026-07-15,Meta Ads,FB - Lookalike,152.36,149.47
2026-05-17,Google Ads,Search - Non Brand,294.48,282.26
2026-07-22,Google Ads,Display - Retargeting,103.96,100.7
2026-05-16,Google Ads,Display - Retargeting,107.14,103.57
2026-05-02,Google Ads,Search - Non Brand,78.25,72.48
2026-07-25,google_ads,Shopping - Bestsellers,184.44,177.88
2026-05-21,Meta Ads,IG - Retargeting,133.86,128.21
2026-06-06,Meta Ads,FB - Lookalike,147.79,137.75
2026-07-26,Meta Ads,FB - Prospecting,123.67,120.42
2026-07-15,Meta Ads,IG - Retargeting,151.41,146.15
2026-05-13,Meta Ads,FB - Lookalike,112.64,104.06
2026-07-08,Meta Ads,IG - Retargeting,99.24,92.97
2026-06-14,Google Ads,Search - Non Brand,220.38,205.2
2026-06-16,Meta Ads,IG - Catalog Sales,74.91,68.61
2026-05-08,google_ads,Display - Retargeting,159.79,151.16
2026-05-07,Google Ads,Search - Brand,141.76,132.82
2026-07-22,Google Ads,Search - Brand,210.51,206.1
2026-07-17,Google Ads,Display - Retargeting,108.01,99.72
2026-05-14,Meta Ads,FB - Lookalike,87.87,86.52
2026-07-02,meta_ads,FB - Lookalike,128.58,123.3
2026-07-19,Meta Ads,IG - Catalog Sales,130.39,123.4
2026-05-17,Meta Ads,FB - Lookalike,189.44,175.38
2026-05-31,Google Ads,Search - Non Brand,173.36,158.04
2026-07-25,google_ads,Shopping - Bestsellers,184.44,177.88
2026-05-10,Meta Ads,IG - Retargeting,103.01,98.19
2026-05-29,Google Ads,Search - Non Brand,130.28,118.16
2026-06-17,Meta Ads,IG - Catalog Sales,121.78,117.82
2026-05-19,Meta Ads,IG - Catalog Sales,147.54,142.58
2026-07-14,Meta Ads,IG - Catalog Sales,123.6,118.81
2026-06-10,Google Ads,Search - Brand,171.64,167.31
2026-06-28,Google Ads,Shopping - Bestsellers,0.0,0.0
2026-07-09,Google Ads,Shopping - Bestsellers,162.85,157.86
2026-05-01,Meta Ads,FB - Lookalike,105.92,97.06
2026-06-24,Meta Ads,FB - Lookalike,134.8,130.21
2026-06-09,Google Ads,Search - Non Brand,87.69,82.72
2026-05-03,Google Ads,Shopping - Bestsellers,149.49,135.0
2026-05-25,Google Ads,Search - Brand,193.43,187.87
2026-06-25,google_ads,Display - Retargeting,123.63,112.1
2026-06-22,Meta Ads,IG - Retargeting,114.48,108.45
2026-06-05,Google Ads,Shopping - Bestsellers,145.2,137.64
2026-06-11,Google Ads,Shopping - Bestsellers,182.67,170.85
2026-05-01,Google Ads,Search - Brand,168.63,162.88
2026-05-08,meta_ads,FB - Prospecting,77.54,70.62
2026-07-26,Google Ads,Search - Non Brand,166.52,157.11
2026-07-26,Google Ads,Search - Brand,90.26,89.06
2026-07-07,Meta Ads,IG - Catalog Sales,141.25,135.78
2026-05-13,Google Ads,Shopping - Bestsellers,113.45,105.43
2026-07-16,Meta Ads,FB - Lookalike,119.23,109.96
2026-06-27,Meta Ads,IG - Retargeting,140.45,137.08
2026-06-19,Meta Ads,FB - Prospecting,141.65,127.74
2026-06-12,Meta Ads,IG - Retargeting,188.12,182.66
2026-06-27,Meta Ads,IG - Catalog Sales,104.52,99.68
2026-07-20,Meta Ads,IG - Catalog Sales,134.87,129.68
2026-06-03,Meta Ads,IG - Catalog Sales,121.06,117.66
2026-05-13,Google Ads,Search - Non Brand,167.77,154.38
2026-07-10,Meta Ads,IG - Retargeting,63.31,57.39
2026-07-06,Google Ads,Shopping - Bestsellers,172.8,157.11
2026-05-07,Meta Ads,IG - Catalog Sales,149.06,146.18
2026-06-14,Google Ads,Search - Brand,165.5,152.7
2026-07-27,Google Ads,Shopping - Bestsellers,138.94,133.39
2026-06-02,Meta Ads,IG - Retargeting,117.33,108.13
2026-07-03,Google Ads,Display - Retargeting,217.3,199.88
2026-05-02,Google Ads,Shopping - Bestsellers,112.02,103.76
2026-07-05,Google Ads,Search - Brand,143.73,133.69
2026-06-08,Google Ads,Shopping - Bestsellers,153.72,146.26
2026-05-28,Google Ads,Search - Non Brand,150.47,142.92
2026-06-09,Google Ads,Display - Retargeting,151.78,138.44
2026-06-07,Meta Ads,FB - Prospecting,121.46,113.8
2026-06-16,Meta Ads,IG - Retargeting,81.15,76.34
2026-05-04,Google Ads,Shopping - Bestsellers,145.66,136.19
2026-07-09,Google Ads,Search - Brand,103.07,100.78
2026-05-24,Google Ads,Search - Non Brand,180.51,177.12
2026-05-30,Meta Ads,IG - Catalog Sales,121.41,119.59
2026-06-17,Google Ads,Shopping - Bestsellers,219.34,197.66
2026-05-12,Google Ads,Search - Non Brand,179.32,167.02
2026-05-02,Google Ads,Display - Retargeting,161.78,150.94
2026-07-05,Google Ads,Search - Non Brand,155.5,150.36
2026-07-27,Meta Ads,IG - Retargeting,184.35,168.7
2026-06-18,Google Ads,Display - Retargeting,0.0,0.0
2026-06-03,Meta Ads,FB - Lookalike,178.94,161.68
2026-05-05,Meta Ads,FB - Lookalike,105.62,98.01
2026-05-20,Google Ads,Search - Non Brand,188.72,174.06
2026-05-11,Google Ads,Search - Brand,115.52,113.71
2026-06-23,Meta Ads,IG - Catalog Sales,81.61,73.79
2026-05-31,Google Ads,Display - Retargeting,169.29,162.6
2026-06-01,Google Ads,Display - Retargeting,201.32,185.05
2026-07-22,Meta Ads,FB - Lookalike,114.81,106.68
2026-07-23,Meta Ads,IG - Catalog Sales,110.26,103.99
2026-06-13,Google Ads,Display - Retargeting,130.87,127.75
2026-07-05,Meta Ads,FB - Prospecting,125.73,120.31
2026-05-22,Meta Ads,IG - Catalog Sales,145.49,140.06
2026-07-17,Meta Ads,FB - Lookalike,118.59,109.25
2026-07-29,Google Ads,Display - Retargeting,121.13,117.74
2026-05-04,Google Ads,Search - Brand,177.69,161.34
2026-05-21,Google Ads,Shopping - Bestsellers,204.05,192.88
2026-05-12,Meta Ads,FB - Lookalike,128.79,115.97
2026-05-23,Meta Ads,IG - Catalog Sales,113.93,106.94
2026-05-04,Meta Ads,FB - Lookalike,129.72,117.62
2026-05-16,Google Ads,Search - Brand,116.86,111.64
2026-06-28,Meta Ads,IG - Retargeting,125.9,120.4
2026-06-03,Google Ads,Search - Brand,147.65,141.76
2026-06-03,Meta Ads,FB - Prospecting,116.79,107.28
2026-05-08,Google Ads,Shopping - Bestsellers,161.1,145.09
2026-07-03,Google Ads,Search - Non Brand,120.06,110.86
2026-05-22,Google Ads,Search - Non Brand,103.58,98.31
2026-05-11,Google Ads,Shopping - Bestsellers,120.63,118.61
2026-07-01,Meta Ads,IG - Retargeting,155.67,153.68
2026-07-28,Meta Ads,IG - Retargeting,169.17,163.18
2026-05-29,Meta Ads,FB - Prospecting,93.05,91.37
2026-07-22,Meta Ads,FB - Prospecting,111.07,108.14
2026-06-12,Google Ads,Search - Brand,181.1,177.76
2026-07-13,Google Ads,Search - Brand,152.24,146.73
2026-05-28,Meta Ads,IG - Catalog Sales,95.75,87.8
2026-07-05,Meta Ads,IG - Catalog Sales,184.9,168.19
2026-07-21,Google Ads,Search - Non Brand,147.84,140.65
2026-07-24,Google Ads,Search - Non Brand,88.3,83.71
2026-06-14,Google Ads,Shopping - Bestsellers,83.3,78.43
2026-06-04,Google Ads,Shopping - Bestsellers,145.79,141.79
2026-07-10,Google Ads,Search - Non Brand,217.54,205.41
2026-05-27,Meta Ads,IG - Catalog Sales,132.05,129.17
2026-07-16,Google Ads,Display - Retargeting,201.75,183.96
2026-05-11,Meta Ads,FB - Prospecting,144.41,140.59
2026-05-12,Meta Ads,IG - Retargeting,126.97,124.54
2026-06-07,Meta Ads,IG - Catalog Sales,92.77,90.72
2026-05-03,Google Ads,Display - Retargeting,110.34,108.34
2026-05-06,Meta Ads,FB - Lookalike,122.61,113.82
2026-05-24,Google Ads,Shopping - Bestsellers,198.96,184.79
2026-05-29,Meta Ads,IG - Retargeting,134.76,131.26
2026-05-27,Google Ads,Display - Retargeting,139.18,126.75
2026-06-11,Meta Ads,IG - Catalog Sales,170.29,167.05
2026-07-08,Google Ads,Display - Retargeting,146.28,140.06
2026-05-02,Meta Ads,IG - Catalog Sales,123.33,112.89
2026-05-30,Google Ads,Search - Non Brand,132.41,120.96
2026-06-20,Google Ads,Search - Non Brand,135.94,132.82
2026-06-23,Meta Ads,FB - Lookalike,64.77,61.32
2026-06-09,Meta Ads,FB - Prospecting,150.19,138.61
2026-07-01,Meta Ads,FB - Lookalike,162.62,156.54
2026-06-05,Google Ads,Search - Brand,171.62,162.36
2026-06-09,Meta Ads,IG - Retargeting,102.69,98.72
2026-07-26,Meta Ads,FB - Lookalike,98.94,94.49
2026-05-05,Meta Ads,IG - Catalog Sales,114.43,106.34
2026-05-21,Google Ads,Search - Brand,211.22,202.17
2026-06-01,google_ads,Search - Brand,227.28,222.48
2026-05-31,Google Ads,Search - Brand,133.12,125.21
2026-05-18,Google Ads,Shopping - Bestsellers,123.18,117.77
2026-05-04,Google Ads,Search - Non Brand,156.43,143.55
2026-07-04,Google Ads,Search - Non Brand,219.25,214.66
2026-07-11,google_ads,Display - Retargeting,148.21,146.55
2026-07-20,Meta Ads,IG - Catalog Sales,134.87,129.68
2026-06-12,Meta Ads,FB - Lookalike,106.22,97.97
2026-05-08,meta_ads,IG - Retargeting,107.38,99.9
2026-06-08,Meta Ads,IG - Retargeting,137.12,128.66
2026-05-20,Meta Ads,IG - Catalog Sales,89.27,83.83
2026-06-29,google_ads,Shopping - Bestsellers,130.6,123.18
2026-05-03,Google Ads,Search - Non Brand,139.06,130.66
2026-05-09,Google Ads,Display - Retargeting,149.01,134.6
2026-07-10,Google Ads,Display - Retargeting,124.46,120.95
2026-07-27,Google Ads,Search - Non Brand,124.02,114.69
2026-05-15,Google Ads,Search - Non Brand,0.0,0.0
2026-07-25,Google Ads,Search - Brand,112.93,109.8
2026-07-04,Meta Ads,IG - Catalog Sales,139.46,136.57
2026-07-25,Meta Ads,IG - Catalog Sales,79.98,72.75
2026-05-13,Meta Ads,IG - Catalog Sales,97.39,89.79
2026-06-22,Google Ads,Search - Non Brand,155.64,140.39
2026-07-01,Google Ads,Shopping - Bestsellers,126.08,115.97
2026-06-29,Meta Ads,FB - Prospecting,106.63,100.01
2026-07-07,Google Ads,Search - Brand,129.04,124.94
2026-07-17,Google Ads,Search - Brand,178.94,166.83
2026-06-06,Meta Ads,IG - Retargeting,114.29,106.6
2026-06-03,Google Ads,Search - Non Brand,0.0,0.0
2026-06-01,Meta Ads,IG - Retargeting,67.24,63.16
2026-07-13,Google Ads,Shopping - Bestsellers,183.57,170.82
2026-07-11,Meta Ads,FB - Prospecting,119.89,114.57
2026-05-01,Google Ads,Search - Non Brand,144.82,138.14
2026-06-17,Google Ads,Search - Non Brand,147.96,137.99
2026-07-25,Meta Ads,FB - Prospecting,90.53,82.95
2026-07-09,Meta Ads,IG - Retargeting,159.87,144.35
2026-06-16,Google Ads,Search - Non Brand,133.99,120.65
2026-06-20,Meta Ads,FB - Prospecting,137.79,124.17
2026-05-01,Google Ads,Shopping - Bestsellers,141.22,127.84
2026-05-13,Google Ads,Search - Brand,219.97,210.88
2026-07-07,Google Ads,Shopping - Bestsellers,208.71,200.67
2026-07-02,Google Ads,Display - Retargeting,217.35,212.78
2026-07-21,Google Ads,Search - Brand,240.13,234.9
2026-06-05,Meta Ads,FB - Lookalike,100.6,91.62
2026-05-27,Meta Ads,IG - Retargeting,95.18,90.66
2026-06-21,Meta Ads,FB - Prospecting,57.54,53.31
2026-05-22,Meta Ads,FB - Lookalike,102.32,93.18
2026-06-06,Google Ads,Search - Non Brand,183.06,172.97
2026-07-10,Google Ads,Search - Brand,124.64,114.43
2026-05-18,Meta Ads,IG - Catalog Sales,125.59,116.09
2026-06-21,Meta Ads,FB - Lookalike,103.65,101.39
2026-05-25,Google Ads,Search - Non Brand,179.69,174.49
2026-05-14,Meta Ads,FB - Prospecting,138.77,128.4
2026-06-20,Google Ads,Display - Retargeting,193.47,177.69
2026-05-29,Meta Ads,IG - Catalog Sales,174.94,171.08
2026-05-28,Google Ads,Display - Retargeting,168.67,162.36
2026-05-20,Google Ads,Display - Retargeting,123.46,112.4
2026-06-24,Google Ads,Search - Brand,169.41,153.73
2026-06-20,Meta Ads,IG - Retargeting,110.71,100.49
2026-05-23,Meta Ads,FB - Lookalike,136.41,133.31
2026-06-12,Google Ads,Search - Non Brand,67.08,64.14
2026-07-15,Meta Ads,FB - Prospecting,126.73,119.06
2026-05-10,Google Ads,Shopping - Bestsellers,202.6,193.89
2026-06-22,Google Ads,Search - Brand,154.28,144.76
2026-06-24,Meta Ads,IG - Retargeting,151.61,142.94
2026-07-09,Google Ads,Shopping - Bestsellers,162.85,157.86
2026-05-30,Google Ads,Display - Retargeting,200.77,195.91
2026-05-03,Meta Ads,FB - Prospecting,144.68,134.27
2026-07-18,google_ads,Shopping - Bestsellers,91.63,87.56
2026-07-20,Meta Ads,FB - Lookalike,146.1,143.91
2026-05-04,Meta Ads,FB - Lookalike,129.72,117.62
2026-06-06,Meta Ads,FB - Prospecting,88.88,82.26
2026-06-01,Meta Ads,FB - Lookalike,111.92,105.91
2026-05-09,Meta Ads,IG - Retargeting,193.9,179.37
2026-05-12,Google Ads,Search - Brand,159.75,148.65
2026-05-15,Google Ads,Display - Retargeting,147.27,143.85
2026-07-08,Meta Ads,IG - Catalog Sales,130.56,117.87
2026-05-12,Meta Ads,FB - Prospecting,99.6,91.09
2026-06-28,Meta Ads,FB - Prospecting,163.41,151.76
2026-05-22,Google Ads,Search - Brand,209.48,197.17
2026-06-21,Google Ads,Search - Non Brand,189.34,176.88
2026-06-10,Google Ads,Shopping - Bestsellers,163.92,161.37
2026-07-24,Google Ads,Shopping - Bestsellers,201.91,196.49
2026-07-13,Meta Ads,IG - Retargeting,125.93,120.63
2026-05-10,Meta Ads,FB - Lookalike,73.48,70.4
2026-07-11,Google Ads,Shopping - Bestsellers,113.74,104.84
2026-07-06,Meta Ads,FB - Lookalike,123.99,115.45
2026-06-02,Google Ads,Display - Retargeting,147.92,146.17
2026-06-02,Google Ads,Search - Non Brand,98.25,96.82
2026-07-02,Meta Ads,FB - Prospecting,101.62,99.59
2026-05-17,Google Ads,Display - Retargeting,174.43,162.29
2026-05-13,meta_ads,IG - Retargeting,132.38,125.91
2026-05-22,Meta Ads,FB - Prospecting,128.43,116.41
2026-07-25,Meta Ads,IG - Retargeting,113.26,108.88
2026-07-29,Google Ads,Search - Non Brand,111.95,104.33
2026-06-26,Meta Ads,IG - Catalog Sales,133.78,126.29
2026-07-27,Meta Ads,FB - Prospecting,94.94,90.46
2026-05-26,Google Ads,Search - Non Brand,130.99,127.58
2026-05-26,Meta Ads,FB - Prospecting,76.56,74.5
2026-06-27,Google Ads,Search - Non Brand,157.79,150.08
2026-05-18,Google Ads,Search - Non Brand,190.84,180.73
2026-07-05,Google Ads,Display - Retargeting,135.25,127.9
2026-07-11,Meta Ads,IG - Retargeting,85.25,82.11
2026-06-17,Meta Ads,FB - Prospecting,111.93,101.6
2026-06-04,Google Ads,Search - Brand,0.0,0.0
2026-07-16,Google Ads,Shopping - Bestsellers,205.37,198.38
2026-05-08,Meta Ads,IG - Catalog Sales,132.12,127.27
2026-06-19,Google Ads,Display - Retargeting,197.68,181.86
2026-05-09,Meta Ads,FB - Lookalike,114.23,104.3
2026-07-07,Google Ads,Search - Non Brand,164.15,148.1
2026-06-04,Google Ads,Search - Non Brand,0.0,0.0
2026-07-08,Google Ads,Shopping - Bestsellers,174.38,163.53
2026-05-21,google_ads,Search - Non Brand,96.37,87.13
2026-07-20,Google Ads,Search - Brand,228.31,208.35
2026-05-22,Google Ads,Shopping - Bestsellers,144.31,142.36
2026-05-05,Meta Ads,FB - Prospecting,94.82,92.7
2026-05-31,Meta Ads,IG - Retargeting,158.33,152.07
2026-05-11,Google Ads,Display - Retargeting,137.92,135.02
2026-06-02,Meta Ads,FB - Lookalike,131.0,120.04
2026-06-16,Meta Ads,FB - Lookalike,112.21,102.41
2026-05-03,Meta Ads,FB - Lookalike,80.15,79.13
2026-06-12,Google Ads,Display - Retargeting,192.89,187.39
2026-06-08,Meta Ads,FB - Lookalike,71.17,64.79
2026-07-29,Google Ads,Search - Brand,128.19,117.99
2026-07-03,Meta Ads,FB - Lookalike,195.81,190.76
2026-05-28,Meta Ads,FB - Lookalike,185.69,171.76
2026-05-02,Meta Ads,IG - Retargeting,113.23,107.15
2026-07-28,Google Ads,Search - Brand,151.64,144.76
2026-07-13,Meta Ads,FB - Prospecting,159.52,150.06
2026-07-04,Google Ads,Shopping - Bestsellers,172.15,168.11
2026-05-23,Google Ads,Shopping - Bestsellers,118.91,115.05
2026-06-04,Meta Ads,FB - Lookalike,74.54,70.19
2026-07-08,Meta Ads,FB - Lookalike,112.76,103.65
2026-06-29,Meta Ads,IG - Catalog Sales,111.55,103.28
2026-05-29,Google Ads,Display - Retargeting,220.36,214.46
2026-07-19,Meta Ads,FB - Prospecting,141.98,131.82
2026-05-28,Google Ads,Shopping - Bestsellers,150.92,144.38
2026-05-04,Meta Ads,IG - Retargeting,151.71,143.95
2026-05-23,Meta Ads,IG - Retargeting,123.52,119.8
2026-06-27,Meta Ads,FB - Lookalike,148.15,133.83
2026-07-22,Google Ads,Shopping - Bestsellers,194.61,189.3
2026-07-20,Google Ads,Shopping - Bestsellers,191.56,175.88
2026-07-29,Meta Ads,IG - Catalog Sales,131.22,126.0
2026-06-29,Meta Ads,IG - Retargeting,163.6,158.1
2026-06-03,Google Ads,Shopping - Bestsellers,130.12,119.18
2026-05-09,Google Ads,Search - Brand,159.66,157.52
2026-07-24,Meta Ads,IG - Retargeting,128.44,126.31
2026-05-28,Google Ads,Search - Brand,158.4,143.61
2026-07-26,Google Ads,Shopping - Bestsellers,158.4,143.18
2026-07-24,Meta Ads,FB - Prospecting,142.77,131.62
2026-05-23,Google Ads,Search - Brand,183.73,177.51
2026-06-20,Google Ads,Search - Brand,140.99,136.06
2026-05-22,Meta Ads,IG - Retargeting,101.32,94.1
2026-06-11,Meta Ads,FB - Lookalike,120.55,111.01
2026-05-05,Google Ads,Search - Brand,124.62,112.22
2026-05-04,Meta Ads,IG - Catalog Sales,108.45,107.24
2026-05-30,Meta Ads,IG - Retargeting,157.13,145.28
2026-06-17,Google Ads,Search - Brand,48.87,48.01
2026-06-19,Meta Ads,IG - Catalog Sales,134.68,124.1
2026-06-21,Google Ads,Shopping - Bestsellers,91.63,87.61
2026-06-22,Meta Ads,FB - Prospecting,125.13,123.7
2026-06-18,Meta Ads,IG - Catalog Sales,57.8,52.97
2026-07-27,Meta Ads,FB - Lookalike,139.01,127.82
2026-07-09,Google Ads,Search - Non Brand,204.14,192.42
2026-06-03,Google Ads,Display - Retargeting,120.27,109.2
2026-05-02,Meta Ads,FB - Lookalike,103.67,98.97
2026-05-12,Meta Ads,IG - Catalog Sales,98.57,90.14
2026-07-06,Google Ads,Display - Retargeting,157.0,154.54
2026-06-19,Google Ads,Search - Non Brand,120.83,113.19
2026-05-10,Meta Ads,IG - Catalog Sales,122.06,111.77
2026-07-15,Meta Ads,IG - Catalog Sales,118.84,111.47
2026-06-18,Meta Ads,IG - Retargeting,165.12,155.16
2026-05-24,Google Ads,Search - Brand,180.95,164.53
2026-06-26,Google Ads,Display - Retargeting,173.28,164.4
2026-06-17,Meta Ads,FB - Lookalike,197.2,178.67
2026-07-01,Meta Ads,FB - Lookalike,162.62,156.54
2026-05-24,Meta Ads,IG - Catalog Sales,182.77,169.9
2026-07-06,Meta Ads,IG - Catalog Sales,99.0,94.63
2026-07-18,Google Ads,Search - Non Brand,101.89,99.3
2026-06-15,Meta Ads,FB - Lookalike,121.67,115.98
2026-05-18,Google Ads,Search - Brand,132.3,120.58
2026-05-31,Meta Ads,IG - Catalog Sales,123.47,120.59
2026-06-04,Meta Ads,FB - Prospecting,104.08,97.14
2026-05-19,Meta Ads,FB - Prospecting,105.75,100.4
2026-05-14,Google Ads,Shopping - Bestsellers,150.49,143.25
2026-06-07,Google Ads,Search - Brand,97.55,88.69
2026-06-10,Meta Ads,FB - Lookalike,130.13,119.48
2026-07-07,Meta Ads,FB - Lookalike,89.36,81.09
2026-07-27,Google Ads,Search - Brand,103.36,100.28
2026-07-25,Google Ads,Search - Non Brand,108.62,103.03
2026-05-14,Meta Ads,IG - Catalog Sales,134.47,132.57
2026-05-01,Meta Ads,IG - Retargeting,143.02,141.2
2026-05-19,Google Ads,Search - Non Brand,145.7,143.75
2026-05-14,Google Ads,Search - Brand,147.11,144.21
2026-05-27,Meta Ads,FB - Prospecting,129.68,125.42
2026-06-26,Google Ads,Search - Brand,173.32,161.62
2026-05-06,Google Ads,Search - Non Brand,200.86,189.31
2026-06-15,Meta Ads,FB - Prospecting,90.31,89.28
2026-07-21,Meta Ads,IG - Retargeting,85.61,82.12
2026-06-17,Google Ads,Display - Retargeting,192.25,184.51
2026-06-02,Google Ads,Search - Brand,211.07,206.34
2026-05-19,Google Ads,Display - Retargeting,182.47,167.07
2026-07-20,Google Ads,Search - Non Brand,144.77,130.68
2026-05-11,Meta Ads,IG - Catalog Sales,125.54,123.12
2026-07-08,Google Ads,Search - Non Brand,182.72,166.93
2026-06-24,Google Ads,Search - Non Brand,122.78,117.17
2026-05-09,Google Ads,Search - Non Brand,147.21,135.82
2026-05-26,Meta Ads,IG - Catalog Sales,113.6,107.95
2026-05-06,Meta Ads,FB - Prospecting,118.93,112.63
2026-05-04,Google Ads,Display - Retargeting,138.71,128.23
2026-05-11,Google Ads,Search - Non Brand,208.12,189.88
2026-06-24,Meta Ads,IG - Catalog Sales,125.55,115.42
2026-05-15,Google Ads,Shopping - Bestsellers,167.75,165.52
2026-05-26,Meta Ads,FB - Lookalike,98.45,95.49
2026-07-05,Google Ads,Shopping - Bestsellers,163.83,159.72
2026-07-24,Google Ads,Display - Retargeting,171.15,165.1
2026-07-18,Meta Ads,FB - Prospecting,109.54,98.95
2026-06-21,Meta Ads,IG - Retargeting,170.89,168.39
2026-05-02,google_ads,Search - Brand,159.07,149.35
2026-05-10,Google Ads,Search - Non Brand,178.2,172.06
2026-06-20,Google Ads,Shopping - Bestsellers,136.46,131.02
2026-05-15,Meta Ads,IG - Catalog Sales,82.63,79.54
2026-07-28,Google Ads,Shopping - Bestsellers,129.09,123.09
2026-05-27,Google Ads,Search - Brand,182.16,165.77
