Transaction ID,Customer ID,Order Timestamp,Channel,Revenue,Product
TXN100224,CUST4058,2026-05-28 09:27:00,Email,17.67,Throw Blanket
TXN100744,CUST1562,2026-07-27 20:12:00,Google Ads,59.28,Wall Art Print
TXN100107,CUST1920,2026-05-13 13:09:00,Meta Ads,75.33,Ceramic Vase
TXN100447,CUST2706,2026-06-22 16:50:00,Meta Ads,70.29,Ceramic Vase
TXN100363,CUST3978,2026-06-12 20:07:00,Meta Ads,42.91,Accent Chair
TXN100041,CUST3268,2026-05-05 14:37:00,Google Ads,94.9,Table Lamp
TXN100494,CUST2481,2026-06-27 09:58:00,Meta Ads,67.72,Bookshelf
TXN100463,CUST3925,2026-06-24 09:22:00,Google Ads,70.67,Area Rug
TXN100687,CUST3052,2026-07-20 20:27:00,Meta Ads,118.93,Candle Set
TXN100056,CUST3992,2026-05-06 22:09:00,Meta Ads,99.84,Table Lamp
TXN100560,CUST1190,2026-07-03 09:43:00,Meta Ads,93.88,Accent Chair
TXN100462,CUST4910,2026-06-24 11:18:00,Organic,109.03,Ceramic Vase
TXN100330,CUST1345,2026-06-08 12:02:00,Email,29.02,Table Lamp
TXN100606,CUST2210,2026-07-09 20:58:00,Meta Ads,49.19,Throw Blanket
TXN100709,CUST1032,2026-07-23 18:12:00,Meta Ads,56.0,Accent Chair
TXN100591,CUST4202,2026-07-08 14:20:00,Email,31.68,Candle Set
TXN100256,CUST3017,2026-05-31 10:06:00,Google Ads,56.44,Table Lamp
TXN100048,CUST3646,2026-05-06 10:03:00,Meta Ads,81.06,Candle Set
TXN100729,CUST4966,2026-07-26 18:25:00,Meta Ads,112.14,Wall Art Print
TXN100561,CUST3308,2026-07-04 08:11:00,Organic,42.6,Storage Basket
TXN100347,CUST4066,2026-06-10 21:14:00,Google Ads,14.0,Wall Art Print
TXN100353,CUST2167,2026-06-11 09:48:00,Organic,93.43,Wall Mirror
TXN100031,CUST1435,2026-05-04 16:53:00,Meta Ads,54.79,Wall Art Print
TXN100266,CUST1884,2026-06-01 14:21:00,Google Ads,55.54,Wall Mirror
TXN100409,CUST2843,2026-06-18 21:43:00,Meta Ads,100.76,Wall Art Print
TXN100129,CUST4766,2026-05-16 11:39:00,Organic,41.99,Wall Art Print
TXN100520,CUST1192,2026-06-30 18:41:00,Meta Ads,111.3,Candle Set
TXN100419,CUST4158,2026-06-19 15:41:00,Email,129.04,Table Lamp
TXN100342,CUST1634,2026-06-10 09:18:00,Email,187.67,Throw Blanket
TXN100374,CUST2386,2026-06-13 12:53:00,Google Ads,114.3,Area Rug
TXN100117,CUST4440,2026-05-14 15:49:00,Meta Ads,39.42,Wall Art Print
TXN100153,CUST2331,2026-05-19 12:31:00,Meta Ads,228.17,Table Lamp
TXN100132,CUST1866,2026-05-16 21:20:00,Google Ads,45.38,Storage Basket
TXN100646,CUST2135,2026-07-15 11:44:00,Organic,41.51,Wall Mirror
TXN100580,CUST3291,2026-07-06 14:36:00,Meta Ads,82.13,Wall Art Print
TXN100040,CUST2015,2026-05-05 14:04:00,Meta Ads,69.07,Storage Basket
TXN100346,CUST2492,2026-06-10 14:28:00,Google Ads,56.59,Bookshelf
TXN100724,CUST1432,2026-07-25 12:28:00,Google Ads,18.89,Area Rug
TXN100259,CUST3682,2026-05-31 10:53:00,Organic,33.11,Area Rug
TXN100252,CUST4368,2026-05-30 18:06:00,Meta Ads,186.5,Table Lamp
TXN100549,CUST2125,2026-07-03 16:01:00,Meta Ads,178.21,Wall Art Print
TXN100088,CUST1911,2026-05-11 13:52:00,Organic,40.38,Area Rug
TXN100393,CUST1132,2026-06-17 11:43:00,Email,98.36,Area Rug
TXN100190,CUST4125,2026-05-23 12:30:00,Meta Ads,80.57,Wall Art Print
TXN100133,CUST2552,2026-05-16 15:48:00,Meta Ads,72.59,Candle Set
TXN100091,CUST2143,2026-05-12 18:41:00,Email,131.71,Wall Art Print
TXN100278,CUST2126,2026-06-02 17:24:00,Google Ads,58.29,Bookshelf
TXN100253,CUST3537,2026-05-30 17:58:00,Meta Ads,39.52,Bookshelf
TXN100457,CUST2009,2026-06-24 15:35:00,Google Ads,61.01,Accent Chair
TXN100739,CUST3967,2026-07-26 19:31:00,Meta Ads,72.68,Ceramic Vase
TXN100100,CUST2336,2026-05-13 19:44:00,Meta Ads,97.4,Accent Chair
TXN100590,CUST2631,2026-07-08 17:18:00,Google Ads,31.18,Area Rug
TXN100384,CUST1323,2026-06-14 20:38:00,Meta Ads,22.67,Wall Mirror
TXN100042,CUST3899,2026-05-05 08:14:00,Google Ads,127.8,Throw Blanket
TXN100179,CUST3432,2026-05-22 22:18:00,Meta Ads,121.42,Ceramic Vase
TXN100201,CUST2794,2026-05-24 22:07:00,Organic,66.46,Ceramic Vase
TXN100017,CUST4790,2026-05-03 14:43:00,Google Ads,40.08,Storage Basket
TXN100377,CUST4240,2026-06-13 13:56:00,Google Ads,86.94,Ceramic Vase
TXN100519,CUST3280,2026-06-30 12:40:00,GOOGLE ADS,70.28,Candle Set
TXN100575,CUST4118,2026-07-05 15:06:00,Meta Ads,37.01,Wall Mirror
TXN100350,CUST3059,2026-06-11 20:10:00,Meta Ads,83.48,Table Lamp
TXN100398,CUST1878,2026-06-17 16:44:00,Meta Ads,62.74,Area Rug
TXN100671,CUST3773,2026-07-18 11:04:00,Meta Ads,49.13,Wall Art Print
TXN100681,CUST3046,2026-07-19 09:33:00,Google Ads,78.86,Ceramic Vase
TXN100588,CUST4373,2026-07-08 11:19:00,Meta Ads,51.89,Storage Basket
TXN100078,CUST2751,2026-05-09 07:07:00,Meta Ads,18.63,Throw Blanket
TXN100280,CUST3666,2026-06-02 13:27:00,Organic,78.36,Area Rug
TXN100066,CUST4832,2026-05-08 09:00:00,Organic,61.36,Area Rug
TXN100038,CUST1867,2026-05-05 13:45:00,Meta Ads,50.4,Accent Chair
TXN100636,CUST2502,2026-07-14 08:48:00,Organic,70.05,Area Rug
TXN100429,CUST4539,2026-06-20 20:15:00,Email,34.66,Wall Mirror
TXN100640,CUST1970,2026-07-14 13:51:00,Meta Ads,34.71,Bookshelf
TXN100662,CUST2476,2026-07-17 15:05:00,Google Ads,118.74,Storage Basket
TXN100004,CUST3298,2026-05-01 13:45:00,Meta Ads,32.12,Wall Art Print
TXN100098,CUST3720,2026-05-12 17:39:00,Google Ads,42.29,Storage Basket
TXN100598,CUST3449,2026-07-08 22:37:00,Google Ads,62.46,Candle Set
TXN100695,CUST3142,2026-07-20 15:10:00,Email,33.36,Storage Basket
TXN100756,CUST1719,2026-07-28 22:02:00,Meta Ads,44.01,Throw Blanket
TXN100055,CUST4211,2026-05-06 21:18:00,Google Ads,133.89,Candle Set
TXN100177,CUST2083,2026-05-22 09:10:00,Meta Ads,67.21,Table Lamp
TXN100171,CUST3811,2026-05-21 08:09:00,Meta Ads,99.2,Wall Mirror
TXN100149,CUST2106,2026-05-18 22:29:00,Email,33.33,Candle Set
TXN100061,CUST1963,2026-05-07 19:07:00,Meta Ads,39.35,Bookshelf
TXN100069,CUST4601,2026-05-08 14:23:00,Organic,49.24,Accent Chair
TXN100369,CUST3737,2026-06-13 09:33:00,Google Ads,78.38,Storage Basket
TXN100517,CUST3449,2026-06-30 17:15:00,Google Ads,35.12,Accent Chair
TXN100440,CUST4255,2026-06-22 17:35:00,Google Ads,23.48,Storage Basket
TXN100596,CUST1570,2026-07-08 16:15:00,Meta Ads,45.26,Accent Chair
TXN100532,CUST3849,2026-07-01 13:25:00,Organic,125.93,Table Lamp
TXN100496,CUST2343,2026-06-27 21:07:00,Google Ads,34.57,Table Lamp
TXN100415,CUST3560,2026-06-18 16:39:00,Google Ads,,Wall Art Print
TXN100522,CUST1753,2026-06-30 22:15:00,Google Ads,147.68,Table Lamp
TXN100081,CUST2493,2026-05-10 08:57:00,Google Ads,111.19,Storage Basket
TXN100735,CUST4329,2026-07-26 09:01:00,Google Ads,59.05,Throw Blanket
TXN100144,CUST3459,2026-05-18 10:50:00,Organic,59.78,Bookshelf
TXN100611,CUST2405,2026-07-10 10:43:00,Google Ads,75.34,Wall Mirror
TXN100653,CUST3856,2026-07-16 18:54:00,Meta Ads,38.65,Throw Blanket
TXN100567,CUST4435,2026-07-04 09:21:00,Meta Ads,81.59,Bookshelf
TXN100063,CUST3390,2026-05-08 17:59:00,Google Ads,71.19,Accent Chair
TXN100289,CUST1871,2026-06-03 11:42:00,Meta Ads,90.03,Area Rug
TXN100371,CUST2584,2026-06-13 18:16:00,Google Ads,25.09,Ceramic Vase
TXN100569,CUST2119,2026-07-05 21:31:00,Google Ads,46.7,Table Lamp
TXN100090,CUST2632,2026-05-12 17:17:00,Meta Ads,25.38,Throw Blanket
TXN100612,CUST4033,2026-07-10 14:33:00,Organic,15.12,Wall Mirror
TXN100563,CUST2225,2026-07-04 12:36:00,Organic,83.49,Table Lamp
TXN100760,CUST3886,2026-07-29 11:49:00,Google Ads,132.57,Throw Blanket
TXN100394,CUST2523,2026-06-17 21:48:00,Email,25.84,Throw Blanket
TXN100451,CUST2715,2026-06-23 11:26:00,Meta Ads,67.07,Table Lamp
TXN100432,CUST1368,2026-06-21 19:32:00,META ADS,77.19,Area Rug
TXN100455,CUST3183,2026-06-24 17:34:00,Meta Ads,43.2,Storage Basket
TXN100450,CUST4883,2026-06-23 10:12:00,Google Ads,45.98,Ceramic Vase
TXN100028,CUST3199,2026-05-04 15:49:00,Meta Ads,46.03,Storage Basket
TXN100198,CUST1004,2026-05-24 21:26:00,Organic,48.36,Ceramic Vase
TXN100322,CUST1279,2026-06-07 22:28:00,Google Ads,9.01,Accent Chair
TXN100222,CUST4519,2026-05-27 19:20:00,Organic,71.98,Area Rug
TXN100092,CUST4455,2026-05-12 17:01:00,Google Ads,50.22,Throw Blanket
TXN100011,CUST3533,2026-05-02 18:36:00,Organic,95.04,Table Lamp
TXN100268,CUST3212,2026-06-01 15:51:00,Email,86.85,Wall Mirror
TXN100046,CUST1779,2026-05-06 10:06:00,Organic,66.27,Candle Set
TXN100323,CUST3422,2026-06-07 08:22:00,Meta Ads,66.68,Wall Art Print
TXN100012,CUST1187,2026-05-02 14:49:00,Meta Ads,19.67,Accent Chair
TXN100295,CUST4035,2026-06-03 07:05:00,Google Ads,42.17,Wall Art Print
TXN100182,CUST4824,2026-05-22 13:27:00,Meta Ads,68.91,Throw Blanket
TXN100193,CUST2365,2026-05-24 17:42:00,Google Ads,41.59,Throw Blanket
TXN100422,CUST3805,2026-06-20 19:19:00,ORGANIC,112.89,Area Rug
TXN100634,CUST2873,2026-07-13 22:35:00,Google Ads,82.01,Wall Art Print
TXN100410,CUST4596,2026-06-18 12:49:00,GOOGLE ADS,87.48,Wall Mirror
TXN100045,CUST4831,2026-05-05 22:15:00,Google Ads,40.45,Area Rug
TXN100071,CUST4346,2026-05-08 16:59:00,Google Ads,81.33,Throw Blanket
TXN100317,CUST4924,2026-06-06 11:15:00,Google Ads,149.54,Throw Blanket
TXN100481,CUST2380,2026-06-26 16:36:00,Google Ads,73.89,Table Lamp
TXN100698,CUST1261,2026-07-21 15:45:00,Google Ads,79.98,Bookshelf
TXN100705,CUST4751,2026-07-22 17:17:00,Google Ads,36.85,Throw Blanket
TXN100131,CUST2891,2026-05-16 12:03:00,Google Ads,181.7,Accent Chair
TXN100507,CUST3200,2026-06-29 19:33:00,Google Ads,98.41,Wall Mirror
TXN100234,CUST2737,2026-05-29 15:29:00,Meta Ads,122.8,Accent Chair
TXN100570,CUST4854,2026-07-05 19:27:00,Google Ads,,Wall Mirror
TXN100480,CUST3655,2026-06-26 15:45:00,Meta Ads,87.66,Wall Mirror
TXN100123,CUST2720,2026-05-16 19:57:00,Google Ads,50.53,Bookshelf
TXN100628,CUST1574,2026-07-13 12:20:00,Meta Ads,114.16,Area Rug
TXN100504,CUST4149,2026-06-28 11:49:00,Google Ads,49.97,Candle Set
TXN100007,CUST4920,2026-05-01 17:06:00,Google Ads,104.89,Throw Blanket
TXN100741,CUST2126,2026-07-27 15:28:00,ORGANIC,77.64,Wall Mirror
TXN100335,CUST3689,2026-06-09 11:21:00,Meta Ads,46.83,Throw Blanket
TXN100649,CUST2100,2026-07-15 20:24:00,Meta Ads,22.89,Area Rug
TXN100255,CUST1477,2026-05-31 11:02:00,Meta Ads,177.9,Ceramic Vase
TXN100211,CUST3375,2026-05-25 22:55:00,Organic,62.8,Wall Mirror
TXN100125,CUST2223,2026-05-16 19:54:00,Email,234.59,Candle Set
TXN100272,CUST4054,2026-06-01 09:30:00,Meta Ads,91.75,Area Rug
TXN100593,CUST1818,2026-07-08 12:43:00,Email,40.25,Wall Art Print
TXN100445,CUST3087,2026-06-22 22:45:00,Meta Ads,23.82,Bookshelf
TXN100715,CUST3170,2026-07-24 14:26:00,Google Ads,21.13,Area Rug
TXN100196,CUST1360,2026-05-24 17:16:00,Google Ads,48.02,Storage Basket
TXN100477,CUST2372,2026-06-26 16:29:00,Google Ads,74.15,Wall Art Print
TXN100160,CUST3267,2026-05-20 18:27:00,Google Ads,46.81,Wall Art Print
TXN100547,CUST3731,2026-07-03 22:42:00,Meta Ads,177.59,Area Rug
TXN100212,CUST2983,2026-05-25 18:21:00,Meta Ads,112.31,Wall Art Print
TXN100033,CUST4189,2026-05-04 07:38:00,Meta Ads,47.86,Storage Basket
TXN100483,CUST1355,2026-06-26 19:42:00,Meta Ads,64.1,Throw Blanket
TXN100296,CUST2719,2026-06-03 21:21:00,Google Ads,123.42,Wall Mirror
TXN100622,CUST3528,2026-07-12 12:52:00,Organic,67.18,Accent Chair
TXN100460,CUST4824,2026-06-24 15:18:00,Google Ads,160.99,Throw Blanket
TXN100229,CUST1323,2026-05-29 19:39:00,Google Ads,32.12,Table Lamp
TXN100324,CUST2891,2026-06-08 21:02:00,Google Ads,70.26,Ceramic Vase
TXN100175,CUST3410,2026-05-21 20:19:00,Google Ads,13.14,Bookshelf
TXN100095,CUST3094,2026-05-12 10:24:00,Meta Ads,181.41,Bookshelf
TXN100072,CUST1550,2026-05-08 15:07:00,Email,90.71,Throw Blanket
TXN100559,CUST1941,2026-07-03 13:57:00,Organic,71.38,Bookshelf
TXN100005,CUST2839,2026-05-01 15:51:00,Google Ads,50.79,Ceramic Vase
TXN100003,CUST1383,2026-05-01 13:14:00,Google Ads,134.81,Wall Art Print
TXN100366,CUST3047,2026-06-12 07:40:00,Organic,23.86,Wall Art Print
TXN100604,CUST3091,2026-07-09 14:28:00,Google Ads,129.71,Storage Basket
TXN100500,CUST2262,2026-06-28 07:25:00,Meta Ads,117.9,Accent Chair
TXN100490,CUST4921,2026-06-27 11:30:00,Google Ads,54.88,Wall Mirror
TXN100577,CUST1423,2026-07-06 07:05:00,Meta Ads,68.44,Storage Basket
TXN100564,CUST4479,2026-07-04 19:43:00,Meta Ads,105.87,Wall Art Print
TXN100449,CUST1698,2026-06-23 19:09:00,Meta Ads,43.27,Table Lamp
TXN100708,CUST4168,2026-07-23 16:20:00,Organic,6.58,Throw Blanket
TXN100672,CUST3499,2026-07-18 12:28:00,Meta Ads,78.82,Storage Basket
TXN100073,CUST1636,2026-05-08 15:18:00,Meta Ads,102.58,Bookshelf
TXN100113,CUST4474,2026-05-14 10:29:00,Google Ads,74.53,Wall Mirror
TXN100700,CUST4519,2026-07-21 12:23:00,Google Ads,56.57,Wall Mirror
TXN100284,CUST4406,2026-06-03 09:05:00,Google Ads,43.87,Candle Set
TXN100732,CUST2892,2026-07-26 10:51:00,Google Ads,29.8,Wall Mirror
TXN100702,CUST4517,2026-07-21 07:15:00,Google Ads,135.07,Ceramic Vase
TXN100682,CUST4825,2026-07-19 17:08:00,Email,100.46,Candle Set
TXN100512,CUST4834,2026-06-29 07:15:00,Meta Ads,143.62,Table Lamp
TXN100269,CUST4548,2026-06-01 07:08:00,Google Ads,47.9,Ceramic Vase
TXN100661,CUST2236,2026-07-17 12:55:00,Organic,49.23,Accent Chair
TXN100185,CUST4376,2026-05-22 16:28:00,Meta Ads,35.67,Throw Blanket
TXN100551,CUST1394,2026-07-03 11:15:00,Google Ads,44.45,Table Lamp
TXN100749,CUST2932,2026-07-27 18:49:00,Google Ads,,Bookshelf
TXN100762,CUST3712,2026-07-29 19:37:00,Meta Ads,158.06,Throw Blanket
TXN100195,CUST4871,2026-05-24 19:52:00,GOOGLE ADS,93.56,Wall Art Print
TXN100258,CUST4043,2026-05-31 20:37:00,Meta Ads,64.9,Wall Mirror
TXN100693,CUST2266,2026-07-20 12:07:00,Meta Ads,30.31,Ceramic Vase
TXN100214,CUST3856,2026-05-26 14:36:00,Organic,75.49,Candle Set
TXN100607,CUST4853,2026-07-10 11:22:00,Google Ads,,Accent Chair
TXN100166,CUST1518,2026-05-20 15:02:00,Meta Ads,127.68,Ceramic Vase
TXN100668,CUST2956,2026-07-18 09:14:00,Meta Ads,88.67,Candle Set
TXN100610,CUST2229,2026-07-10 08:51:00,Google Ads,139.38,Throw Blanket
TXN100565,CUST4094,2026-07-04 11:50:00,Google Ads,63.35,Throw Blanket
TXN100194,CUST2350,2026-05-24 20:44:00,Organic,74.6,Area Rug
TXN100146,CUST3652,2026-05-18 17:00:00,Google Ads,50.39,Candle Set
TXN100318,CUST1808,2026-06-06 12:38:00,Google Ads,43.91,Wall Mirror
TXN100615,CUST4020,2026-07-11 13:28:00,Google Ads,49.65,Bookshelf
TXN100637,CUST2741,2026-07-14 10:47:00,Meta Ads,38.73,Table Lamp
TXN100412,CUST2245,2026-06-18 12:10:00,Meta Ads,122.05,Storage Basket
TXN100274,CUST3519,2026-06-01 08:46:00,Google Ads,91.89,Wall Art Print
TXN100165,CUST2478,2026-05-20 12:19:00,Google Ads,75.11,Ceramic Vase
TXN100089,CUST4360,2026-05-11 14:14:00,Google Ads,53.91,Ceramic Vase
TXN100022,CUST4051,2026-05-03 15:47:00,Google Ads,70.07,Bookshelf
TXN100677,CUST3461,2026-07-19 16:49:00,Google Ads,66.07,Ceramic Vase
TXN100675,CUST1504,2026-07-18 19:22:00,Google Ads,28.58,Candle Set
TXN100665,CUST1004,2026-07-18 13:30:00,Meta Ads,10.6,Throw Blanket
TXN100282,CUST3988,2026-06-02 10:20:00,Google Ads,113.2,Candle Set
TXN100261,CUST2821,2026-05-31 14:54:00,Google Ads,119.16,Storage Basket
TXN100557,CUST1338,2026-07-03 22:54:00,Meta Ads,149.94,Candle Set
TXN100290,CUST1443,2026-06-03 18:54:00,Google Ads,91.39,Wall Art Print
TXN100108,CUST2946,2026-05-14 09:29:00,Google Ads,20.84,Candle Set
TXN100135,CUST4899,2026-05-17 18:14:00,Google Ads,154.59,Throw Blanket
TXN100552,CUST2033,2026-07-03 18:17:00,Meta Ads,52.34,Candle Set
TXN100424,CUST1835,2026-06-20 17:38:00,Meta Ads,50.97,Wall Mirror
TXN100586,CUST4886,2026-07-07 19:21:00,Google Ads,106.22,Bookshelf
TXN100051,CUST2023,2026-05-06 09:28:00,Google Ads,72.15,Wall Art Print
TXN100704,CUST4743,2026-07-22 20:14:00,Meta Ads,113.95,Storage Basket
TXN100147,CUST1432,2026-05-18 20:23:00,Organic,51.36,Area Rug
TXN100747,CUST2590,2026-07-27 15:11:00,Meta Ads,126.96,Ceramic Vase
TXN100037,CUST1676,2026-05-05 15:33:00,Email,9.5,Bookshelf
TXN100142,CUST4719,2026-05-18 19:25:00,Meta Ads,115.65,Table Lamp
TXN100018,CUST4178,2026-05-03 08:14:00,Organic,121.41,Ceramic Vase
TXN100281,CUST2694,2026-06-02 17:52:00,Organic,98.79,Area Rug
TXN100395,CUST3168,2026-06-17 18:25:00,Meta Ads,55.69,Storage Basket
TXN100433,CUST1881,2026-06-21 18:03:00,Email,146.34,Ceramic Vase
TXN100652,CUST1010,2026-07-16 09:46:00,Google Ads,96.0,Area Rug
TXN100503,CUST1282,2026-06-28 22:02:00,Email,77.44,Accent Chair
TXN100674,CUST2812,2026-07-18 13:05:00,Meta Ads,57.31,Throw Blanket
TXN100753,CUST3426,2026-07-28 17:51:00,Google Ads,,Storage Basket
TXN100250,CUST4238,2026-05-30 19:00:00,Google Ads,17.36,Accent Chair
TXN100589,CUST3847,2026-07-08 13:30:00,Meta Ads,80.43,Storage Basket
TXN100594,CUST3978,2026-07-08 21:45:00,Google Ads,86.62,Table Lamp
TXN100446,CUST4341,2026-06-22 07:23:00,Google Ads,53.85,Storage Basket
TXN100174,CUST1924,2026-05-21 19:28:00,Meta Ads,21.97,Area Rug
TXN100052,CUST3671,2026-05-06 07:05:00,Google Ads,61.08,Table Lamp
TXN100099,CUST1510,2026-05-13 16:32:00,Meta Ads,69.53,Accent Chair
TXN100584,CUST4867,2026-07-07 14:46:00,Google Ads,155.69,Area Rug
TXN100110,CUST1999,2026-05-14 11:41:00,Meta Ads,84.5,Ceramic Vase
TXN100260,CUST4846,2026-05-31 15:02:00,Meta Ads,80.15,Storage Basket
TXN100699,CUST3032,2026-07-21 21:32:00,Meta Ads,90.72,Storage Basket
TXN100758,CUST2358,2026-07-29 13:51:00,Meta Ads,58.99,Wall Mirror
TXN100224,CUST4058,2026-05-28 09:27:00,Email,17.67,Throw Blanket
TXN100629,CUST4545,2026-07-13 18:00:00,Meta Ads,42.24,Area Rug
TXN100714,CUST1005,2026-07-23 19:54:00,EMAIL,33.54,Accent Chair
TXN100438,CUST2582,2026-06-22 21:48:00,Google Ads,25.17,Wall Art Print
TXN100039,CUST3751,2026-05-05 18:28:00,Google Ads,86.16,Wall Art Print
TXN100403,CUST3083,2026-06-18 14:07:00,Meta Ads,58.78,Table Lamp
TXN100531,CUST1778,2026-07-01 10:47:00,Google Ads,31.63,Area Rug
TXN100124,CUST1080,2026-05-16 19:30:00,Email,117.58,Ceramic Vase
TXN100257,CUST1555,2026-05-31 19:29:00,Organic,81.22,Storage Basket
TXN100573,CUST3915,2026-07-05 11:47:00,Google Ads,22.02,Candle Set
TXN100692,CUST2779,2026-07-20 10:29:00,Google Ads,120.55,Bookshelf
TXN100467,CUST3175,2026-06-24 14:40:00,Meta Ads,59.31,Table Lamp
TXN100425,CUST3942,2026-06-20 17:46:00,Google Ads,29.53,Storage Basket
TXN100385,CUST2315,2026-06-15 10:05:00,Meta Ads,100.33,Storage Basket
TXN100305,CUST1491,2026-06-05 07:31:00,Google Ads,73.2,Candle Set
TXN100647,CUST3913,2026-07-15 17:53:00,Google Ads,80.52,Table Lamp
TXN100074,CUST2404,2026-05-08 13:43:00,Google Ads,77.0,Accent Chair
TXN100251,CUST2862,2026-05-30 18:43:00,Meta Ads,103.24,Accent Chair
TXN100562,CUST1848,2026-07-04 11:48:00,Google Ads,63.99,Candle Set
TXN100583,CUST2724,2026-07-07 16:30:00,Meta Ads,93.11,Throw Blanket
TXN100461,CUST3224,2026-06-24 19:57:00,Meta Ads,50.29,Candle Set
TXN100014,CUST2857,2026-05-02 18:10:00,Google Ads,86.01,Storage Basket
TXN100491,CUST3481,2026-06-27 18:26:00,Meta Ads,108.97,Wall Art Print
TXN100300,CUST2989,2026-06-04 21:26:00,Meta Ads,42.26,Accent Chair
TXN100413,CUST1923,2026-06-18 18:33:00,Email,52.55,Accent Chair
TXN100312,CUST3824,2026-06-06 18:05:00,Meta Ads,188.75,Candle Set
TXN100642,CUST1846,2026-07-14 13:51:00,Google Ads,35.95,Ceramic Vase
TXN100176,CUST3497,2026-05-21 10:48:00,Meta Ads,80.05,Table Lamp
TXN100613,CUST2355,2026-07-10 20:29:00,Meta Ads,91.52,Table Lamp
TXN100426,CUST1535,2026-06-20 18:32:00,Email,72.74,Wall Art Print
TXN100743,CUST4615,2026-07-27 22:03:00,Meta Ads,35.67,Throw Blanket
TXN100139,CUST2049,2026-05-17 18:10:00,Meta Ads,66.66,Bookshelf
TXN100309,CUST4531,2026-06-05 17:36:00,Organic,69.69,Candle Set
TXN100064,CUST3933,2026-05-08 17:15:00,Google Ads,185.15,Accent Chair
TXN100360,CUST2175,2026-06-12 22:44:00,Google Ads,35.26,Wall Mirror
TXN100423,CUST1245,2026-06-20 12:28:00,Google Ads,58.77,Candle Set
TXN100186,CUST2245,2026-05-22 19:17:00,META ADS,113.89,Wall Art Print
TXN100603,CUST2763,2026-07-09 10:00:00,Email,92.77,Throw Blanket
TXN100148,CUST2783,2026-05-18 12:46:00,Meta Ads,62.14,Wall Art Print
TXN100332,CUST2586,2026-06-08 20:49:00,Organic,99.67,Storage Basket
TXN100232,CUST2905,2026-05-29 16:43:00,Organic,27.71,Wall Art Print
TXN100712,CUST2004,2026-07-23 11:00:00,Meta Ads,48.52,Candle Set
TXN100303,CUST2618,2026-06-05 08:00:00,Google Ads,114.71,Table Lamp
TXN100140,CUST4063,2026-05-18 10:49:00,Meta Ads,104.13,Wall Mirror
TXN100075,CUST2028,2026-05-09 08:05:00,Meta Ads,30.23,Candle Set
TXN100167,CUST3856,2026-05-20 11:40:00,Meta Ads,34.34,Area Rug
TXN100618,CUST3199,2026-07-11 12:23:00,Meta Ads,34.13,Storage Basket
TXN100416,CUST3625,2026-06-19 12:37:00,Google Ads,96.72,Bookshelf
TXN100228,CUST3175,2026-05-29 20:36:00,Google Ads,60.21,Wall Mirror
TXN100156,CUST3949,2026-05-19 20:31:00,Google Ads,76.47,Wall Art Print
TXN100407,CUST3936,2026-06-18 22:33:00,Google Ads,91.16,Candle Set
TXN100362,CUST1077,2026-06-12 15:13:00,Organic,40.78,Wall Mirror
TXN100298,CUST4618,2026-06-04 08:09:00,Meta Ads,40.93,Wall Mirror
TXN100476,CUST1037,2026-06-25 16:36:00,Organic,41.37,Bookshelf
TXN100344,CUST3531,2026-06-10 11:38:00,Organic,77.15,Candle Set
TXN100563,CUST2225,2026-07-04 12:36:00,Organic,83.49,Table Lamp
TXN100058,CUST2284,2026-05-07 08:03:00,Google Ads,96.24,Bookshelf
TXN100277,CUST1330,2026-06-02 17:38:00,Google Ads,43.02,Wall Mirror
TXN100617,CUST4312,2026-07-11 09:36:00,Meta Ads,54.61,Throw Blanket
TXN100526,CUST1323,2026-07-01 21:54:00,Google Ads,93.65,Storage Basket
TXN100219,CUST1062,2026-05-27 11:26:00,Organic,21.44,Wall Mirror
TXN100027,CUST4977,2026-05-03 07:43:00,Meta Ads,92.53,Throw Blanket
TXN100115,CUST3946,2026-05-14 20:53:00,Meta Ads,40.24,Wall Art Print
TXN100151,CUST1354,2026-05-18 15:56:00,Organic,79.54,Area Rug
TXN100621,CUST3404,2026-07-12 10:22:00,Meta Ads,62.32,Storage Basket
TXN100579,CUST2694,2026-07-06 19:49:00,Google Ads,56.51,Throw Blanket
TXN100592,CUST4218,2026-07-08 19:23:00,Google Ads,98.87,Throw Blanket
TXN100645,CUST4514,2026-07-15 10:08:00,Google Ads,131.77,Candle Set
TXN100161,CUST3878,2026-05-20 21:17:00,Google Ads,16.59,Accent Chair
TXN100216,CUST3888,2026-05-27 19:24:00,Meta Ads,91.69,Wall Mirror
TXN100106,CUST2162,2026-05-13 17:05:00,Meta Ads,149.23,Table Lamp
TXN100352,CUST3271,2026-06-11 10:45:00,Organic,76.0,Wall Art Print
TXN100381,CUST2789,2026-06-14 19:47:00,Meta Ads,38.64,Area Rug
TXN100479,CUST1789,2026-06-26 10:21:00,Meta Ads,59.23,Wall Mirror
TXN100528,CUST3477,2026-07-01 08:55:00,Google Ads,142.28,Throw Blanket
TXN100082,CUST2022,2026-05-10 10:22:00,Google Ads,133.23,Wall Art Print
TXN100094,CUST3443,2026-05-12 20:22:00,Google Ads,149.16,Storage Basket
TXN100345,CUST1740,2026-06-10 12:46:00,Google Ads,62.49,Area Rug
TXN100029,CUST2780,2026-05-04 12:29:00,Google Ads,67.24,Ceramic Vase
TXN100655,CUST2322,2026-07-16 16:21:00,Meta Ads,83.59,Wall Art Print
TXN100293,CUST2119,2026-06-03 16:58:00,Google Ads,45.85,Storage Basket
TXN100482,CUST4506,2026-06-26 19:52:00,Google Ads,25.35,Candle Set
TXN100019,CUST2643,2026-05-03 15:04:00,Organic,89.95,Table Lamp
TXN100380,CUST1195,2026-06-14 17:17:00,Organic,114.29,Throw Blanket
TXN100736,CUST3645,2026-07-26 21:51:00,Google Ads,15.34,Wall Mirror
TXN100499,CUST3309,2026-06-28 08:35:00,Google Ads,66.2,Area Rug
TXN100667,CUST4346,2026-07-18 10:55:00,Meta Ads,72.0,Candle Set
TXN100035,CUST1986,2026-05-04 09:05:00,Google Ads,,Area Rug
TXN100757,CUST3464,2026-07-29 14:01:00,Google Ads,47.87,Wall Art Print
TXN100096,CUST1181,2026-05-12 20:00:00,Google Ads,117.94,Wall Art Print
TXN100213,CUST2545,2026-05-26 21:59:00,Meta Ads,50.52,Storage Basket
TXN100112,CUST4293,2026-05-14 21:03:00,GOOGLE ADS,84.44,Wall Art Print
TXN100475,CUST2626,2026-06-25 22:11:00,Email,61.05,Accent Chair
TXN100016,CUST1700,2026-05-03 14:10:00,Meta Ads,92.85,Area Rug
TXN100550,CUST3760,2026-07-03 20:51:00,Organic,69.81,Wall Mirror
TXN100370,CUST3154,2026-06-13 07:24:00,Google Ads,62.51,Area Rug
TXN100172,CUST4887,2026-05-21 16:05:00,Organic,80.9,Table Lamp
TXN100666,CUST1926,2026-07-18 21:00:00,Google Ads,46.94,Ceramic Vase
TXN100024,CUST1566,2026-05-03 22:05:00,Email,48.43,Ceramic Vase
TXN100685,CUST1276,2026-07-20 07:16:00,Google Ads,66.03,Table Lamp
TXN100391,CUST3777,2026-06-17 21:02:00,Organic,87.36,Wall Mirror
TXN100748,CUST1897,2026-07-27 07:57:00,Google Ads,125.7,Accent Chair
TXN100168,CUST1050,2026-05-21 16:30:00,GOOGLE ADS,118.2,Area Rug
TXN100399,CUST1555,2026-06-17 09:28:00,Google Ads,57.85,Wall Mirror
TXN100314,CUST2621,2026-06-06 16:47:00,Meta Ads,153.1,Storage Basket
TXN100271,CUST2086,2026-06-01 08:08:00,Google Ads,114.04,Candle Set
TXN100585,CUST1800,2026-07-07 21:06:00,Meta Ads,54.68,Wall Mirror
TXN100691,CUST4467,2026-07-20 14:03:00,Meta Ads,156.25,Table Lamp
TXN100328,CUST2316,2026-06-08 22:32:00,Meta Ads,44.46,Wall Mirror
TXN100602,CUST3642,2026-07-09 19:48:00,Google Ads,40.4,Storage Basket
TXN100310,CUST3906,2026-06-05 20:18:00,Meta Ads,95.95,Throw Blanket
TXN100368,CUST2445,2026-06-13 14:36:00,Google Ads,70.95,Candle Set
TXN100650,CUST4254,2026-07-15 09:25:00,Google Ads,38.44,Wall Art Print
TXN100285,CUST4026,2026-06-03 18:51:00,Google Ads,5.71,Wall Mirror
TXN100338,CUST4242,2026-06-09 17:52:00,Google Ads,140.92,Wall Mirror
TXN100127,CUST2989,2026-05-16 07:24:00,Google Ads,75.8,Storage Basket
TXN100766,CUST2549,2026-07-29 16:46:00,Organic,122.26,Accent Chair
TXN100337,CUST3903,2026-06-09 09:19:00,Google Ads,86.22,Wall Art Print
TXN100238,CUST3809,2026-05-29 08:58:00,Meta Ads,69.88,Bookshelf
TXN100076,CUST1180,2026-05-09 07:21:00,Organic,90.87,Wall Mirror
TXN100505,CUST4650,2026-06-29 19:28:00,Google Ads,48.57,Candle Set
TXN100708,CUST4168,2026-07-23 16:20:00,Organic,6.58,Throw Blanket
TXN100536,CUST2311,2026-07-02 13:23:00,Meta Ads,98.07,Storage Basket
TXN100326,CUST3076,2026-06-08 19:29:00,Meta Ads,77.47,Bookshelf
TXN100465,CUST2110,2026-06-24 15:08:00,Organic,52.09,Throw Blanket
TXN100454,CUST2959,2026-06-23 19:20:00,Email,79.47,Wall Mirror
TXN100236,CUST2470,2026-05-29 16:44:00,Google Ads,173.05,Accent Chair
TXN100025,CUST1626,2026-05-03 12:50:00,Organic,62.6,Candle Set
TXN100587,CUST4531,2026-07-07 17:28:00,Google Ads,32.83,Storage Basket
TXN100388,CUST4733,2026-06-16 18:39:00,Meta Ads,106.98,Candle Set
TXN100343,CUST3210,2026-06-10 08:42:00,Meta Ads,23.78,Storage Basket
TXN100308,CUST1173,2026-06-05 20:01:00,Organic,128.23,Area Rug
TXN100288,CUST3459,2026-06-03 16:22:00,EMAIL,52.14,Throw Blanket
TXN100379,CUST1149,2026-06-14 13:18:00,Meta Ads,52.56,Storage Basket
TXN100489,CUST4852,2026-06-27 16:23:00,Meta Ads,40.16,Bookshelf
TXN100084,CUST4998,2026-05-10 12:56:00,Organic,101.82,Candle Set
TXN100411,CUST4730,2026-06-18 08:53:00,Meta Ads,14.8,Throw Blanket
TXN100152,CUST2903,2026-05-19 19:21:00,Google Ads,127.26,Ceramic Vase
TXN100336,CUST1579,2026-06-09 18:19:00,Meta Ads,48.79,Candle Set
TXN100706,CUST1489,2026-07-23 08:11:00,Meta Ads,65.42,Table Lamp
TXN100616,CUST1018,2026-07-11 13:13:00,Meta Ads,83.38,Accent Chair
TXN100452,CUST4174,2026-06-23 22:55:00,Google Ads,45.23,Ceramic Vase
TXN100628,CUST1574,2026-07-13 12:20:00,Meta Ads,114.16,Area Rug
TXN100032,CUST1626,2026-05-04 18:48:00,Meta Ads,82.19,Wall Mirror
TXN100486,CUST2236,2026-06-26 07:16:00,Email,88.58,Storage Basket
TXN100357,CUST2531,2026-06-12 14:24:00,Google Ads,96.79,Throw Blanket
TXN100365,CUST3551,2026-06-12 21:04:00,Meta Ads,29.18,Throw Blanket
TXN100478,CUST4642,2026-06-26 11:54:00,Meta Ads,162.72,Wall Art Print
TXN100218,CUST1411,2026-05-27 21:06:00,Google Ads,126.6,Wall Art Print
TXN100434,CUST3447,2026-06-21 22:18:00,Google Ads,130.82,Wall Art Print
TXN100534,CUST2471,2026-07-01 16:16:00,Meta Ads,58.84,Storage Basket
TXN100545,CUST4451,2026-07-03 14:04:00,Google Ads,97.14,Wall Mirror
TXN100746,CUST4200,2026-07-27 22:22:00,Meta Ads,79.7,Bookshelf
TXN100725,CUST1494,2026-07-25 18:49:00,Google Ads,77.17,Table Lamp
TXN100678,CUST3696,2026-07-19 16:13:00,Organic,50.93,Wall Art Print
TXN100192,CUST4335,2026-05-24 22:05:00,Meta Ads,60.47,Area Rug
TXN100102,CUST4697,2026-05-13 12:39:00,Meta Ads,170.38,Bookshelf
TXN100043,CUST4521,2026-05-05 17:04:00,Organic,63.64,Wall Art Print
TXN100538,CUST3266,2026-07-02 20:18:00,Google Ads,48.79,Wall Mirror
TXN100197,CUST4164,2026-05-24 19:55:00,Google Ads,77.57,Wall Art Print
TXN100442,CUST1561,2026-06-22 17:51:00,Google Ads,87.46,Area Rug
TXN100270,CUST4229,2026-06-01 14:37:00,Google Ads,109.18,Storage Basket
TXN100221,CUST3661,2026-05-27 09:54:00,Meta Ads,103.8,Storage Basket
TXN100539,CUST1942,2026-07-02 19:36:00,Google Ads,32.43,Table Lamp
TXN100459,CUST3827,2026-06-24 22:20:00,Meta Ads,48.54,Area Rug
TXN100120,CUST1330,2026-05-15 11:09:00,Organic,72.32,Table Lamp
TXN100200,CUST1833,2026-05-24 15:35:00,Meta Ads,27.84,Wall Mirror
TXN100085,CUST4016,2026-05-10 17:50:00,Google Ads,143.03,Candle Set
TXN100070,CUST4415,2026-05-08 16:39:00,Google Ads,63.33,Wall Art Print
TXN100443,CUST1610,2026-06-22 11:20:00,Meta Ads,41.01,Bookshelf
TXN100609,CUST1399,2026-07-10 21:46:00,GOOGLE ADS,51.03,Area Rug
TXN100173,CUST4131,2026-05-21 20:38:00,Google Ads,98.36,Bookshelf
TXN100150,CUST3426,2026-05-18 15:20:00,Organic,77.44,Table Lamp
TXN100237,CUST4399,2026-05-29 19:17:00,Google Ads,53.1,Ceramic Vase
TXN100518,CUST3704,2026-06-30 14:26:00,Organic,43.24,Accent Chair
TXN100331,CUST2799,2026-06-08 12:23:00,Meta Ads,99.34,Storage Basket
TXN100386,CUST2255,2026-06-16 21:38:00,Meta Ads,9.84,Candle Set
TXN100738,CUST1207,2026-07-26 12:59:00,Email,68.79,Bookshelf
TXN100686,CUST1247,2026-07-20 19:32:00,Google Ads,87.42,Accent Chair
TXN100510,CUST2013,2026-06-29 21:22:00,ORGANIC,99.24,Wall Mirror
TXN100181,CUST1956,2026-05-22 15:50:00,Google Ads,169.25,Bookshelf
TXN100101,CUST1785,2026-05-13 20:42:00,Meta Ads,36.77,Candle Set
TXN100651,CUST3845,2026-07-16 18:29:00,Meta Ads,147.49,Area Rug
TXN100128,CUST4269,2026-05-16 19:46:00,Meta Ads,66.48,Wall Mirror
TXN100601,CUST2454,2026-07-09 12:41:00,Meta Ads,41.72,Bookshelf
TXN100544,CUST1304,2026-07-02 08:48:00,Organic,182.45,Ceramic Vase
TXN100530,CUST2363,2026-07-01 16:58:00,Organic,90.74,Ceramic Vase
TXN100663,CUST3657,2026-07-17 12:03:00,Meta Ads,25.51,Candle Set
TXN100104,CUST4218,2026-05-13 17:29:00,Google Ads,38.45,Area Rug
TXN100397,CUST2585,2026-06-17 10:16:00,Meta Ads,96.22,Accent Chair
TXN100301,CUST3098,2026-06-04 10:22:00,Google Ads,80.46,Candle Set
TXN100472,CUST4718,2026-06-25 09:41:00,Meta Ads,60.15,Bookshelf
TXN100325,CUST2175,2026-06-08 09:41:00,Google Ads,60.77,Throw Blanket
TXN100713,CUST3218,2026-07-23 18:40:00,Google Ads,89.08,Ceramic Vase
TXN100247,CUST2208,2026-05-30 17:51:00,Email,50.51,Throw Blanket
TXN100638,CUST1132,2026-07-14 21:16:00,Google Ads,162.91,Storage Basket
TXN100121,CUST1625,2026-05-15 13:04:00,Google Ads,91.88,Candle Set
TXN100077,CUST2072,2026-05-09 12:47:00,Meta Ads,102.01,Area Rug
TXN100390,CUST4281,2026-06-16 12:01:00,Google Ads,32.5,Wall Mirror
TXN100054,CUST1674,2026-05-06 19:00:00,Organic,42.74,Candle Set
TXN100230,CUST3388,2026-05-29 11:14:00,Meta Ads,38.32,Area Rug
TXN100036,CUST4115,2026-05-05 11:08:00,Organic,49.45,Area Rug
TXN100515,CUST1959,2026-06-30 13:48:00,Google Ads,167.22,Ceramic Vase
TXN100111,CUST4524,2026-05-14 10:49:00,Organic,34.92,Candle Set
TXN100315,CUST4191,2026-06-06 12:04:00,Google Ads,132.43,Wall Art Print
TXN100008,CUST2470,2026-05-01 18:38:00,Google Ads,44.26,Accent Chair
TXN100026,CUST2576,2026-05-03 19:38:00,Meta Ads,71.91,Area Rug
TXN100659,CUST1647,2026-07-17 21:29:00,Organic,66.06,Ceramic Vase
TXN100495,CUST4394,2026-06-27 13:36:00,Google Ads,230.88,Wall Art Print
TXN100319,CUST3684,2026-06-07 09:11:00,Meta Ads,25.39,Area Rug
TXN100571,CUST3706,2026-07-05 19:05:00,Meta Ads,21.52,Bookshelf
TXN100311,CUST4957,2026-06-06 17:10:00,Google Ads,56.14,Bookshelf
TXN100533,CUST4176,2026-07-01 16:24:00,Meta Ads,99.36,Area Rug
TXN100302,CUST3777,2026-06-05 22:33:00,Google Ads,77.52,Accent Chair
TXN100405,CUST2511,2026-06-18 21:51:00,Meta Ads,25.54,Wall Art Print
TXN100605,CUST4163,2026-07-09 11:22:00,Google Ads,15.74,Ceramic Vase
TXN100208,CUST4775,2026-05-25 11:55:00,Google Ads,55.18,Throw Blanket
TXN100658,CUST4427,2026-07-17 21:01:00,Meta Ads,41.12,Throw Blanket
TXN100021,CUST4745,2026-05-03 21:09:00,Google Ads,106.84,Accent Chair
TXN100680,CUST4251,2026-07-19 14:31:00,Meta Ads,83.03,Candle Set
TXN100737,CUST4470,2026-07-26 17:07:00,Google Ads,57.99,Ceramic Vase
TXN100010,CUST2550,2026-05-01 09:35:00,Email,91.31,Accent Chair
TXN100087,CUST1442,2026-05-11 19:55:00,Meta Ads,98.25,Ceramic Vase
TXN100730,CUST2224,2026-07-26 15:52:00,Google Ads,43.78,Wall Mirror
TXN100669,CUST4301,2026-07-18 10:06:00,Google Ads,38.36,Storage Basket
TXN100062,CUST3435,2026-05-07 08:39:00,Google Ads,49.23,Throw Blanket
TXN100453,CUST3124,2026-06-23 13:35:00,Meta Ads,49.34,Storage Basket
TXN100141,CUST1442,2026-05-18 07:59:00,Email,62.42,Accent Chair
TXN100555,CUST4515,2026-07-03 08:05:00,Meta Ads,57.35,Candle Set
TXN100189,CUST1937,2026-05-23 07:48:00,Google Ads,71.09,Accent Chair
TXN100163,CUST4894,2026-05-20 12:12:00,Meta Ads,130.59,Table Lamp
TXN100497,CUST3002,2026-06-28 09:57:00,Meta Ads,60.73,Wall Art Print
TXN100543,CUST4755,2026-07-02 08:33:00,Meta Ads,120.59,Ceramic Vase
TXN100217,CUST1151,2026-05-27 11:32:00,Meta Ads,63.28,Bookshelf
TXN100703,CUST2568,2026-07-22 11:11:00,Meta Ads,146.11,Ceramic Vase
TXN100707,CUST1188,2026-07-23 19:04:00,Organic,40.13,Area Rug
TXN100364,CUST1499,2026-06-12 08:15:00,Google Ads,83.8,Candle Set
TXN100723,CUST1305,2026-07-25 13:08:00,GOOGLE ADS,101.46,Bookshelf
TXN100358,CUST1115,2026-06-12 17:59:00,Google Ads,61.86,Throw Blanket
TXN100679,CUST1772,2026-07-19 19:18:00,Meta Ads,25.61,Ceramic Vase
TXN100620,CUST3617,2026-07-12 17:38:00,Meta Ads,133.71,Candle Set
TXN100097,CUST3205,2026-05-12 13:23:00,Organic,95.53,Candle Set
TXN100245,CUST4589,2026-05-30 18:33:00,META ADS,198.62,Wall Art Print
TXN100488,CUST3810,2026-06-26 16:44:00,Google Ads,12.46,Throw Blanket
TXN100114,CUST3734,2026-05-14 17:48:00,Organic,38.01,Area Rug
TXN100015,CUST3745,2026-05-03 15:44:00,Google Ads,219.94,Throw Blanket
TXN100243,CUST2494,2026-05-30 11:05:00,Google Ads,,Accent Chair
TXN100404,CUST1969,2026-06-18 22:01:00,Meta Ads,66.9,Storage Basket
TXN100427,CUST1990,2026-06-20 21:07:00,Google Ads,147.31,Accent Chair
TXN100521,CUST2305,2026-06-30 20:26:00,Meta Ads,39.83,Wall Mirror
TXN100430,CUST4824,2026-06-20 17:12:00,Organic,22.77,Wall Mirror
TXN100522,CUST1753,2026-06-30 22:15:00,Google Ads,147.68,Table Lamp
TXN100595,CUST2193,2026-07-08 09:52:00,Meta Ads,39.8,Candle Set
TXN100631,CUST2675,2026-07-13 22:26:00,Meta Ads,52.89,Area Rug
TXN100417,CUST3698,2026-06-19 17:53:00,Google Ads,37.33,Bookshelf
TXN100751,CUST2091,2026-07-28 08:48:00,Meta Ads,43.94,Table Lamp
TXN100513,CUST3432,2026-06-30 08:28:00,Google Ads,77.4,Bookshelf
TXN100428,CUST1577,2026-06-20 10:03:00,Meta Ads,48.31,Accent Chair
TXN100619,CUST1466,2026-07-12 15:42:00,Google Ads,73.58,Area Rug
TXN100341,CUST2399,2026-06-10 22:12:00,Email,41.82,Table Lamp
TXN100373,CUST4011,2026-06-13 17:08:00,Meta Ads,42.66,Ceramic Vase
TXN100164,CUST2132,2026-05-20 16:06:00,Meta Ads,71.16,Table Lamp
TXN100392,CUST4188,2026-06-17 18:23:00,Google Ads,140.21,Candle Set
TXN100568,CUST4911,2026-07-04 19:49:00,Meta Ads,72.64,Storage Basket
TXN100287,CUST4578,2026-06-03 20:55:00,Google Ads,78.2,Ceramic Vase
TXN100506,CUST3796,2026-06-29 11:41:00,Google Ads,14.08,Storage Basket
TXN100265,CUST1515,2026-06-01 13:04:00,Google Ads,68.94,Wall Art Print
TXN100283,CUST2044,2026-06-02 18:09:00,Google Ads,23.78,Area Rug
TXN100731,CUST2656,2026-07-26 21:35:00,Google Ads,96.8,Wall Art Print
TXN100294,CUST1743,2026-06-03 11:36:00,Google Ads,54.84,Candle Set
TXN100207,CUST1998,2026-05-25 21:35:00,Email,120.86,Wall Mirror
TXN100233,CUST2809,2026-05-29 18:37:00,Google Ads,128.78,Accent Chair
TXN100701,CUST1421,2026-07-21 10:14:00,Google Ads,18.46,Wall Art Print
TXN100582,CUST3019,2026-07-07 11:04:00,Google Ads,37.29,Wall Mirror
TXN100711,CUST3020,2026-07-23 13:46:00,Meta Ads,74.04,Wall Art Print
TXN100401,CUST3906,2026-06-17 09:35:00,Meta Ads,99.12,Wall Art Print
TXN100688,CUST3197,2026-07-20 11:17:00,Google Ads,95.1,Throw Blanket
TXN100648,CUST3769,2026-07-15 19:31:00,Meta Ads,132.29,Wall Mirror
TXN100158,CUST1070,2026-05-19 09:18:00,META ADS,135.0,Table Lamp
TXN100608,CUST4212,2026-07-10 13:33:00,Google Ads,,Area Rug
TXN100492,CUST4102,2026-06-27 13:48:00,Organic,60.88,Table Lamp
TXN100581,CUST2559,2026-07-06 12:08:00,Google Ads,84.28,Accent Chair
TXN100643,CUST3180,2026-07-14 15:38:00,Meta Ads,84.4,Wall Art Print
TXN100340,CUST1074,2026-06-10 18:19:00,Meta Ads,151.51,Wall Mirror
TXN100378,CUST2270,2026-06-14 19:52:00,Google Ads,29.59,Wall Art Print
TXN100402,CUST2228,2026-06-17 12:45:00,Google Ads,87.51,Wall Mirror
TXN100448,CUST2087,2026-06-22 14:46:00,Meta Ads,66.33,Ceramic Vase
TXN100623,CUST3417,2026-07-12 09:43:00,Organic,65.21,Wall Mirror
TXN100157,CUST3828,2026-05-19 22:41:00,Meta Ads,135.03,Area Rug
TXN100387,CUST2818,2026-06-16 18:28:00,Google Ads,129.02,Ceramic Vase
TXN100180,CUST3895,2026-05-22 16:44:00,Google Ads,85.06,Area Rug
TXN100079,CUST3830,2026-05-09 11:34:00,EMAIL,72.78,Ceramic Vase
TXN100690,CUST2600,2026-07-20 09:19:00,Meta Ads,108.82,Candle Set
TXN100696,CUST4199,2026-07-20 15:46:00,Google Ads,59.16,Throw Blanket
TXN100093,CUST2069,2026-05-12 12:37:00,Organic,225.48,Accent Chair
TXN100320,CUST3309,2026-06-07 21:43:00,Meta Ads,34.04,Bookshelf
TXN100485,CUST2571,2026-06-26 14:28:00,Google Ads,74.17,Accent Chair
TXN100199,CUST2481,2026-05-24 22:40:00,Google Ads,68.23,Area Rug
TXN100105,CUST1875,2026-05-13 22:50:00,Meta Ads,172.56,Wall Mirror
TXN100525,CUST2590,2026-06-30 14:16:00,Meta Ads,76.61,Table Lamp
TXN100656,CUST3318,2026-07-16 22:50:00,Meta Ads,63.76,Storage Basket
TXN100439,CUST3552,2026-06-22 10:08:00,Google Ads,57.63,Throw Blanket
TXN100726,CUST2897,2026-07-25 15:54:00,Meta Ads,87.69,Throw Blanket
TXN100134,CUST1335,2026-05-17 22:01:00,Google Ads,74.58,Wall Art Print
TXN100119,CUST1960,2026-05-15 15:21:00,Meta Ads,110.32,Storage Basket
TXN100542,CUST2442,2026-07-02 12:08:00,Meta Ads,97.34,Wall Art Print
TXN100408,CUST4372,2026-06-18 09:08:00,Meta Ads,71.63,Storage Basket
TXN100752,CUST4266,2026-07-28 19:22:00,Meta Ads,81.52,Wall Mirror
TXN100006,CUST1653,2026-05-01 20:21:00,Meta Ads,72.56,Accent Chair
TXN100279,CUST2858,2026-06-02 20:06:00,Meta Ads,18.72,Throw Blanket
TXN100316,CUST3173,2026-06-06 13:57:00,Meta Ads,106.44,Storage Basket
TXN100116,CUST1651,2026-05-14 22:28:00,Meta Ads,41.68,Accent Chair
TXN100566,CUST4990,2026-07-04 18:03:00,Meta Ads,78.3,Throw Blanket
TXN100614,CUST3579,2026-07-11 12:11:00,Meta Ads,364.14,Candle Set
TXN100334,CUST3778,2026-06-09 19:18:00,Google Ads,71.71,Accent Chair
TXN100209,CUST4235,2026-05-25 20:21:00,Google Ads,47.1,Wall Art Print
TXN100009,CUST3988,2026-05-01 21:34:00,Organic,78.87,Throw Blanket
TXN100223,CUST1147,2026-05-28 09:15:00,Organic,44.39,Accent Chair
TXN100558,CUST2356,2026-07-03 10:57:00,Meta Ads,108.73,Wall Art Print
TXN100469,CUST4157,2026-06-25 11:00:00,Google Ads,29.03,Wall Art Print
TXN100263,CUST2130,2026-06-01 13:07:00,Google Ads,44.96,Area Rug
TXN100540,CUST3681,2026-07-02 17:16:00,Meta Ads,100.42,Area Rug
TXN100516,CUST2184,2026-06-30 14:52:00,Google Ads,61.47,Bookshelf
TXN100529,CUST4119,2026-07-01 13:30:00,Google Ads,57.44,Table Lamp
TXN100240,CUST2443,2026-05-29 14:40:00,Meta Ads,34.91,Table Lamp
TXN100554,CUST3855,2026-07-03 14:19:00,Google Ads,40.59,Throw Blanket
TXN100273,CUST3102,2026-06-01 10:28:00,Meta Ads,102.08,Wall Art Print
TXN100012,CUST1187,2026-05-02 14:49:00,Meta Ads,19.67,Accent Chair
TXN100458,CUST4985,2026-06-24 16:49:00,Google Ads,143.45,Accent Chair
TXN100420,CUST2706,2026-06-19 07:31:00,Meta Ads,40.9,Wall Art Print
TXN100644,CUST3883,2026-07-15 16:18:00,Google Ads,49.64,Bookshelf
TXN100080,CUST3385,2026-05-09 11:27:00,Organic,83.34,Wall Mirror
TXN100060,CUST1761,2026-05-07 09:38:00,Google Ads,81.26,Throw Blanket
TXN100431,CUST3108,2026-06-21 21:31:00,Meta Ads,66.45,Accent Chair
TXN100203,CUST1056,2026-05-24 20:05:00,Google Ads,26.77,Table Lamp
TXN100184,CUST1292,2026-05-22 08:10:00,Organic,36.02,Accent Chair
TXN100321,CUST3558,2026-06-07 17:55:00,Meta Ads,61.47,Storage Basket
TXN100178,CUST1307,2026-05-22 12:00:00,Google Ads,39.09,Candle Set
TXN100689,CUST3094,2026-07-20 13:51:00,Google Ads,45.5,Wall Mirror
TXN100169,CUST1755,2026-05-21 08:16:00,Meta Ads,,Area Rug
TXN100202,CUST3493,2026-05-24 14:45:00,Email,72.94,Wall Mirror
TXN100083,CUST2664,2026-05-10 11:59:00,Organic,54.39,Table Lamp
TXN100108,CUST2946,2026-05-14 09:29:00,Google Ads,20.84,Candle Set
TXN100159,CUST1996,2026-05-19 16:42:00,Google Ads,65.15,Bookshelf
TXN100086,CUST4539,2026-05-11 14:17:00,Organic,43.23,Wall Mirror
TXN100154,CUST2058,2026-05-19 17:17:00,Google Ads,77.56,Bookshelf
TXN100155,CUST2131,2026-05-19 07:33:00,Meta Ads,56.73,Table Lamp
TXN100406,CUST4621,2026-06-18 09:04:00,Google Ads,56.6,Accent Chair
TXN100513,CUST3432,2026-06-30 08:28:00,Google Ads,77.4,Bookshelf
TXN100523,CUST3898,2026-06-30 11:51:00,Google Ads,46.96,Area Rug
TXN100599,CUST4782,2026-07-09 20:34:00,Meta Ads,34.81,Ceramic Vase
TXN100548,CUST3179,2026-07-03 20:00:00,Google Ads,51.68,Ceramic Vase
TXN100733,CUST1252,2026-07-26 14:08:00,Google Ads,120.68,Table Lamp
TXN100382,CUST2583,2026-06-14 17:11:00,Organic,87.56,Area Rug
TXN100541,CUST3628,2026-07-02 22:29:00,Email,136.08,Wall Mirror
TXN100304,CUST1865,2026-06-05 11:48:00,Google Ads,130.13,Accent Chair
TXN100118,CUST1979,2026-05-15 15:28:00,Meta Ads,11.33,Throw Blanket
TXN100509,CUST2896,2026-06-29 20:34:00,Email,95.84,Candle Set
TXN100754,CUST1115,2026-07-28 18:36:00,Organic,81.07,Bookshelf
TXN100354,CUST4708,2026-06-11 11:53:00,Google Ads,49.3,Candle Set
TXN100030,CUST4587,2026-05-04 15:32:00,Email,49.85,Wall Mirror
TXN100436,CUST4128,2026-06-21 19:23:00,Meta Ads,,Ceramic Vase
TXN100524,CUST3303,2026-06-30 20:26:00,Organic,108.76,Wall Art Print
TXN100143,CUST3828,2026-05-18 14:06:00,Google Ads,98.65,Accent Chair
TXN100684,CUST4124,2026-07-20 22:49:00,Meta Ads,75.44,Throw Blanket
TXN100286,CUST3402,2026-06-03 17:42:00,Meta Ads,77.11,Throw Blanket
TXN100068,CUST2086,2026-05-08 11:59:00,Google Ads,109.08,Storage Basket
TXN100484,CUST1575,2026-06-26 22:20:00,Google Ads,48.94,Table Lamp
TXN100339,CUST4395,2026-06-09 09:41:00,Meta Ads,30.2,Candle Set
TXN100376,CUST4179,2026-06-13 21:02:00,Google Ads,54.97,Accent Chair
TXN100299,CUST1203,2026-06-04 09:17:00,Meta Ads,29.14,Area Rug
TXN100249,CUST3966,2026-05-30 19:54:00,Organic,52.77,Wall Art Print
TXN100635,CUST1467,2026-07-13 15:49:00,Google Ads,23.0,Wall Art Print
TXN100264,CUST1868,2026-06-01 07:03:00,Google Ads,95.58,Storage Basket
TXN100474,CUST4430,2026-06-25 12:59:00,Google Ads,13.9,Ceramic Vase
TXN100306,CUST2557,2026-06-05 14:32:00,Google Ads,77.68,Wall Art Print
TXN100020,CUST3323,2026-05-03 17:13:00,Organic,68.69,Area Rug
TXN100742,CUST3536,2026-07-27 14:41:00,Google Ads,42.87,Accent Chair
TXN100122,CUST3222,2026-05-16 21:26:00,Google Ads,54.26,Ceramic Vase
TXN100546,CUST3071,2026-07-03 21:23:00,Google Ads,110.39,Ceramic Vase
TXN100137,CUST1816,2026-05-17 07:39:00,Email,24.64,Wall Mirror
TXN100044,CUST3740,2026-05-05 22:13:00,Google Ads,53.71,Wall Art Print
TXN100597,CUST3929,2026-07-08 20:50:00,Meta Ads,85.64,Candle Set
TXN100750,CUST4989,2026-07-28 12:06:00,Email,33.94,Table Lamp
TXN100626,CUST2571,2026-07-12 20:11:00,Google Ads,53.31,Area Rug
TXN100556,CUST3263,2026-07-03 22:03:00,Google Ads,83.95,Ceramic Vase
TXN100727,CUST4307,2026-07-25 16:52:00,Google Ads,38.64,Bookshelf
TXN100722,CUST4012,2026-07-25 17:20:00,Meta Ads,48.18,Area Rug
TXN100694,CUST3873,2026-07-20 07:10:00,Meta Ads,94.56,Area Rug
TXN100676,CUST1572,2026-07-19 14:17:00,Google Ads,45.42,Throw Blanket
TXN100227,CUST2201,2026-05-28 18:23:00,Meta Ads,108.29,Candle Set
TXN100471,CUST1816,2026-06-25 16:20:00,Meta Ads,93.44,Accent Chair
TXN100292,CUST4461,2026-06-03 07:38:00,Organic,51.58,Accent Chair
TXN100624,CUST1977,2026-07-12 16:07:00,Google Ads,78.42,Wall Mirror
TXN100034,CUST1458,2026-05-04 18:56:00,Meta Ads,25.21,Accent Chair
TXN100001,CUST1102,2026-05-01 15:15:00,Meta Ads,39.64,Table Lamp
TXN100136,CUST3669,2026-05-17 08:48:00,Meta Ads,58.86,Ceramic Vase
TXN100466,CUST3403,2026-06-24 14:15:00,Meta Ads,142.84,Ceramic Vase
TXN100359,CUST3662,2026-06-12 17:50:00,Organic,45.83,Wall Mirror
TXN100717,CUST4773,2026-07-24 14:57:00,Google Ads,57.68,Wall Art Print
TXN100755,CUST4884,2026-07-28 13:53:00,Google Ads,30.22,Area Rug
TXN100226,CUST4700,2026-05-28 07:02:00,Meta Ads,89.78,Storage Basket
TXN100327,CUST4243,2026-06-08 08:28:00,Meta Ads,115.55,Bookshelf
TXN100514,CUST4572,2026-06-30 08:15:00,Meta Ads,113.4,Ceramic Vase
TXN100191,CUST4752,2026-05-24 15:11:00,Meta Ads,97.94,Bookshelf
TXN100664,CUST3973,2026-07-17 14:27:00,Meta Ads,7.21,Throw Blanket
TXN100244,CUST2701,2026-05-30 12:12:00,Google Ads,161.89,Wall Mirror
TXN100267,CUST3441,2026-06-01 07:17:00,Meta Ads,43.58,Wall Mirror
TXN100673,CUST3572,2026-07-18 11:58:00,Meta Ads,125.61,Candle Set
TXN100049,CUST4279,2026-05-06 10:15:00,Meta Ads,105.89,Table Lamp
TXN100205,CUST1630,2026-05-25 22:59:00,Meta Ads,44.17,Accent Chair
TXN100103,CUST3244,2026-05-13 07:19:00,Google Ads,61.17,Accent Chair
TXN100067,CUST3306,2026-05-08 10:04:00,Meta Ads,59.38,Wall Art Print
TXN100023,CUST3390,2026-05-03 19:23:00,Meta Ads,29.9,Table Lamp
TXN100745,CUST4285,2026-07-27 07:24:00,Google Ads,173.78,Storage Basket
TXN100464,CUST4061,2026-06-24 22:13:00,Meta Ads,18.3,Table Lamp
TXN100511,CUST4839,2026-06-29 10:02:00,Google Ads,89.15,Candle Set
TXN100333,CUST1214,2026-06-09 17:04:00,Meta Ads,92.88,Storage Basket
TXN100351,CUST1566,2026-06-11 15:03:00,Organic,45.21,Area Rug
TXN100254,CUST1258,2026-05-30 21:58:00,Google Ads,122.27,Accent Chair
TXN100468,CUST2692,2026-06-25 17:45:00,Google Ads,,Area Rug
TXN100657,CUST4122,2026-07-16 08:02:00,Organic,18.49,Throw Blanket
TXN100470,CUST1646,2026-06-25 20:41:00,Email,29.66,Area Rug
TXN100162,CUST1494,2026-05-20 13:20:00,Google Ads,25.53,Throw Blanket
TXN100375,CUST2960,2026-06-13 12:51:00,Email,140.8,Wall Mirror
TXN100600,CUST2472,2026-07-09 09:06:00,Meta Ads,99.89,Table Lamp
TXN100065,CUST3751,2026-05-08 16:29:00,Google Ads,34.79,Storage Basket
TXN100421,CUST4918,2026-06-19 16:30:00,Google Ads,45.59,Table Lamp
TXN100670,CUST2225,2026-07-18 11:24:00,Google Ads,61.89,Wall Mirror
TXN100204,CUST4739,2026-05-24 10:29:00,Email,58.25,Throw Blanket
TXN100527,CUST3967,2026-07-01 13:03:00,Google Ads,38.72,Accent Chair
TXN100625,CUST1579,2026-07-12 19:26:00,Google Ads,109.53,Bookshelf
TXN100720,CUST3325,2026-07-25 08:27:00,Google Ads,168.65,Wall Mirror
TXN100710,CUST2244,2026-07-23 14:29:00,Meta Ads,31.58,Storage Basket
TXN100225,CUST3883,2026-05-28 10:28:00,Meta Ads,102.47,Wall Mirror
TXN100210,CUST1010,2026-05-25 16:46:00,Google Ads,107.54,Accent Chair
TXN100716,CUST4983,2026-07-24 11:45:00,Email,92.23,Accent Chair
TXN100498,CUST1227,2026-06-28 21:08:00,Meta Ads,141.99,Wall Art Print
TXN100307,CUST4302,2026-06-05 18:04:00,Organic,96.66,Candle Set
TXN100683,CUST3328,2026-07-20 20:23:00,Organic,17.8,Wall Art Print
TXN100170,CUST1267,2026-05-21 19:31:00,Google Ads,102.01,Throw Blanket
TXN100660,CUST2752,2026-07-17 13:44:00,Email,135.53,Wall Mirror
TXN100367,CUST3943,2026-06-13 11:18:00,Meta Ads,25.37,Candle Set
TXN100574,CUST1436,2026-07-05 09:00:00,Google Ads,53.07,Accent Chair
TXN100355,CUST4729,2026-06-11 14:52:00,Google Ads,70.72,Area Rug
TXN100728,CUST4423,2026-07-25 17:09:00,Google Ads,46.38,Throw Blanket
TXN100414,CUST2026,2026-06-18 13:40:00,ORGANIC,41.05,Wall Art Print
TXN100231,CUST2882,2026-05-29 15:42:00,Meta Ads,54.15,Ceramic Vase
TXN100047,CUST2683,2026-05-06 21:55:00,Google Ads,112.32,Ceramic Vase
TXN100501,CUST4054,2026-06-28 13:37:00,Organic,,Throw Blanket
TXN100241,CUST3776,2026-05-29 11:40:00,Meta Ads,56.44,Throw Blanket
TXN100400,CUST2823,2026-06-17 09:51:00,Organic,166.23,Storage Basket
TXN100627,CUST3840,2026-07-12 12:35:00,Meta Ads,40.33,Wall Mirror
TXN100248,CUST1308,2026-05-30 11:48:00,Meta Ads,63.29,Table Lamp
TXN100456,CUST4553,2026-06-24 15:39:00,Meta Ads,28.38,Area Rug
TXN100206,CUST2119,2026-05-25 20:53:00,Meta Ads,68.94,Area Rug
TXN100372,CUST1276,2026-06-13 18:15:00,Google Ads,179.74,Throw Blanket
TXN100109,CUST3357,2026-05-14 13:45:00,Organic,63.56,Candle Set
TXN100220,CUST4201,2026-05-27 15:21:00,GOOGLE ADS,78.08,Bookshelf
TXN100291,CUST4123,2026-06-03 15:36:00,Google Ads,86.19,Table Lamp
TXN100002,CUST1419,2026-05-01 09:37:00,Google Ads,72.9,Candle Set
TXN100329,CUST2845,2026-06-08 10:51:00,Email,115.98,Storage Basket
TXN100508,CUST1912,2026-06-29 07:48:00,Meta Ads,33.94,Ceramic Vase
TXN100719,CUST3070,2026-07-25 11:40:00,META ADS,110.8,Candle Set
TXN100553,CUST4929,2026-07-03 19:29:00,Google Ads,94.11,Bookshelf
TXN100404,CUST1969,2026-06-18 22:01:00,Meta Ads,66.9,Storage Basket
TXN100537,CUST3304,2026-07-02 14:47:00,Google Ads,128.87,Wall Mirror
TXN100262,CUST3808,2026-05-31 18:34:00,Google Ads,97.84,Storage Basket
TXN100389,CUST4241,2026-06-16 08:04:00,Google Ads,35.81,Candle Set
TXN100145,CUST2422,2026-05-18 20:42:00,Meta Ads,90.36,Storage Basket
TXN100441,CUST1815,2026-06-22 19:32:00,Meta Ads,55.64,Ceramic Vase
TXN100641,CUST4526,2026-07-14 20:10:00,Meta Ads,50.94,Bookshelf
TXN100187,CUST2793,2026-05-23 09:38:00,Meta Ads,160.39,Ceramic Vase
TXN100053,CUST2989,2026-05-06 22:13:00,Google Ads,73.25,Candle Set
TXN100356,CUST4811,2026-06-12 07:26:00,Organic,94.55,Ceramic Vase
TXN100246,CUST4401,2026-05-30 12:16:00,Organic,20.27,Area Rug
TXN100765,CUST4967,2026-07-29 18:14:00,Google Ads,39.02,Bookshelf
TXN100435,CUST1440,2026-06-21 20:08:00,Google Ads,127.41,Accent Chair
TXN100576,CUST2765,2026-07-06 21:35:00,Google Ads,43.91,Wall Art Print
TXN100183,CUST3652,2026-05-22 11:58:00,Meta Ads,58.46,Accent Chair
TXN100493,CUST3440,2026-06-27 09:33:00,Meta Ads,58.58,Area Rug
TXN100718,CUST4668,2026-07-24 18:29:00,Google Ads,52.87,Throw Blanket
TXN100759,CUST1726,2026-07-29 17:03:00,Google Ads,141.26,Ceramic Vase
TXN100059,CUST4765,2026-05-07 12:03:00,Meta Ads,134.64,Wall Art Print
TXN100444,CUST2609,2026-06-22 16:37:00,Google Ads,64.29,Storage Basket
TXN100654,CUST2629,2026-07-16 13:27:00,Meta Ads,72.74,Table Lamp
TXN100361,CUST2921,2026-06-12 21:39:00,Meta Ads,63.82,Ceramic Vase
TXN100050,CUST2837,2026-05-06 11:27:00,Google Ads,32.66,Wall Mirror
TXN100313,CUST1996,2026-06-06 20:37:00,Organic,115.01,Candle Set
TXN100721,CUST2069,2026-07-25 17:59:00,Google Ads,202.61,Candle Set
TXN100138,CUST2939,2026-05-17 10:36:00,Google Ads,110.27,Table Lamp
TXN100632,CUST1338,2026-07-13 07:50:00,Meta Ads,33.53,Table Lamp
TXN100487,CUST1254,2026-06-26 10:29:00,Meta Ads,136.5,Accent Chair
TXN100276,CUST2746,2026-06-01 10:31:00,Organic,103.57,Area Rug
TXN100396,CUST2022,2026-06-17 10:01:00,Meta Ads,79.93,Wall Mirror
TXN100740,CUST2747,2026-07-26 12:22:00,Google Ads,59.53,Table Lamp
TXN100130,CUST2613,2026-05-16 07:05:00,Google Ads,53.55,Candle Set
TXN100697,CUST1120,2026-07-20 17:51:00,Meta Ads,86.03,Candle Set
TXN100215,CUST4176,2026-05-26 20:02:00,Google Ads,48.26,Storage Basket
TXN100275,CUST3635,2026-06-01 07:03:00,Google Ads,105.94,Area Rug
TXN100013,CUST4503,2026-05-02 14:55:00,Email,91.51,Throw Blanket
TXN100633,CUST2125,2026-07-13 14:34:00,Google Ads,34.98,Accent Chair
TXN100235,CUST2575,2026-05-29 22:06:00,Google Ads,32.85,Table Lamp
TXN100478,CUST4642,2026-06-26 11:54:00,Meta Ads,162.72,Wall Art Print
TXN100473,CUST4025,2026-06-25 08:58:00,Google Ads,73.08,Wall Mirror
TXN100188,CUST4008,2026-05-23 17:38:00,Organic,44.71,Accent Chair
TXN100239,CUST4411,2026-05-29 16:49:00,Meta Ads,52.65,Table Lamp
TXN100734,CUST2524,2026-07-26 09:37:00,Organic,83.2,Bookshelf
TXN100418,CUST4538,2026-06-19 07:05:00,Google Ads,34.82,Ceramic Vase
TXN100348,CUST4955,2026-06-11 22:57:00,Google Ads,148.59,Table Lamp
TXN100630,CUST4339,2026-07-13 19:35:00,Google Ads,31.26,Wall Art Print
TXN100761,CUST4525,2026-07-29 18:04:00,Organic,83.76,Storage Basket
TXN100242,CUST3647,2026-05-29 08:19:00,Organic,20.22,Area Rug
TXN100763,CUST2321,2026-07-29 11:10:00,Google Ads,38.82,Candle Set
TXN100297,CUST3955,2026-06-04 17:49:00,Google Ads,107.22,Bookshelf
TXN100572,CUST2009,2026-07-05 09:05:00,Google Ads,61.01,Accent Chair
TXN100437,CUST3335,2026-06-21 13:23:00,Google Ads,98.61,Wall Art Print
TXN100535,CUST3036,2026-07-01 21:06:00,Meta Ads,52.87,Area Rug
TXN100578,CUST3445,2026-07-06 17:55:00,Meta Ads,41.45,Candle Set
TXN100126,CUST4009,2026-05-16 14:31:00,Meta Ads,58.73,Table Lamp
TXN100764,CUST4934,2026-07-29 22:41:00,Meta Ads,83.78,Storage Basket
TXN100057,CUST4967,2026-05-06 08:37:00,Google Ads,125.54,Wall Art Print
TXN100502,CUST2411,2026-06-28 09:34:00,Google Ads,113.36,Ceramic Vase
TXN100639,CUST1356,2026-07-14 21:55:00,Organic,124.25,Throw Blanket
TXN100349,CUST4879,2026-06-11 21:29:00,Google Ads,71.56,Accent Chair
TXN100383,CUST2504,2026-06-14 15:51:00,Meta Ads,49.56,Throw Blanket
